timestamp,can_id,signal_name,value,is_attack
0.0000,0x002,steering_angle_deg,0.86,0
0.0000,0x050,brake_pressure_bar,3.06,0
0.0000,0x100,speed_kmph,79.25,0
0.0200,0x002,steering_angle_deg,1.07,0
0.0400,0x002,steering_angle_deg,-0.65,0
0.0600,0x002,steering_angle_deg,0.28,0
0.0800,0x002,steering_angle_deg,0.95,0
0.1000,0x002,steering_angle_deg,0.54,0
0.1000,0x050,brake_pressure_bar,3.51,0
0.1000,0x100,speed_kmph,80.00,0
0.1200,0x002,steering_angle_deg,-0.36,0
0.1400,0x002,steering_angle_deg,1.10,0
0.1600,0x002,steering_angle_deg,-0.03,0
0.1800,0x002,steering_angle_deg,0.12,0
0.2000,0x002,steering_angle_deg,0.06,0
0.2000,0x050,brake_pressure_bar,0.32,0
0.2000,0x100,speed_kmph,80.09,0
0.2200,0x002,steering_angle_deg,2.04,0
0.2400,0x002,steering_angle_deg,0.98,0
0.2600,0x002,steering_angle_deg,1.29,0
0.2800,0x002,steering_angle_deg,2.24,0
0.3000,0x002,steering_angle_deg,1.41,0
0.3000,0x050,brake_pressure_bar,0.03,0
0.3000,0x100,speed_kmph,80.04,0
0.3200,0x002,steering_angle_deg,1.02,0
0.3400,0x002,steering_angle_deg,1.06,0
0.3600,0x002,steering_angle_deg,1.66,0
0.3800,0x002,steering_angle_deg,2.21,0
0.4000,0x002,steering_angle_deg,2.15,0
0.4000,0x050,brake_pressure_bar,2.58,0
0.4000,0x100,speed_kmph,79.31,0
0.4200,0x002,steering_angle_deg,1.26,0
0.4400,0x002,steering_angle_deg,2.87,0
0.4600,0x002,steering_angle_deg,2.99,0
0.4800,0x002,steering_angle_deg,2.18,0
0.5000,0x002,steering_angle_deg,2.46,0
0.5000,0x050,brake_pressure_bar,3.14,0
0.5000,0x100,speed_kmph,79.17,0
0.5200,0x002,steering_angle_deg,2.11,0
0.5400,0x002,steering_angle_deg,3.29,0
0.5600,0x002,steering_angle_deg,1.99,0
0.5800,0x002,steering_angle_deg,1.97,0
0.6000,0x002,steering_angle_deg,3.95,0
0.6000,0x050,brake_pressure_bar,1.10,0
0.6000,0x100,speed_kmph,79.18,0
0.6200,0x002,steering_angle_deg,3.51,0
0.6400,0x002,steering_angle_deg,3.30,0
0.6600,0x002,steering_angle_deg,2.77,0
0.6800,0x002,steering_angle_deg,4.25,0
0.7000,0x002,steering_angle_deg,2.92,0
0.7000,0x050,brake_pressure_bar,1.59,0
0.7000,0x100,speed_kmph,80.64,0
0.7200,0x002,steering_angle_deg,3.55,0
0.7400,0x002,steering_angle_deg,4.19,0
0.7600,0x002,steering_angle_deg,2.89,0
0.7800,0x002,steering_angle_deg,4.76,0
0.8000,0x002,steering_angle_deg,4.71,0
0.8000,0x050,brake_pressure_bar,4.61,0
0.8000,0x100,speed_kmph,80.28,0
0.8200,0x002,steering_angle_deg,3.72,0
0.8400,0x002,steering_angle_deg,5.00,0
0.8600,0x002,steering_angle_deg,4.49,0
0.8800,0x002,steering_angle_deg,3.97,0
0.9000,0x002,steering_angle_deg,3.49,0
0.9000,0x050,brake_pressure_bar,3.05,0
0.9000,0x100,speed_kmph,80.76,0
0.9200,0x002,steering_angle_deg,4.59,0
0.9400,0x002,steering_angle_deg,3.54,0
0.9600,0x002,steering_angle_deg,5.55,0
0.9800,0x002,steering_angle_deg,4.86,0
1.0000,0x002,steering_angle_deg,4.61,0
1.0000,0x050,brake_pressure_bar,3.04,0
1.0000,0x100,speed_kmph,80.31,0
1.0200,0x002,steering_angle_deg,5.74,0
1.0400,0x002,steering_angle_deg,5.65,0
1.0600,0x002,steering_angle_deg,5.60,0
1.0800,0x002,steering_angle_deg,4.72,0
1.1000,0x002,steering_angle_deg,5.35,0
1.1000,0x050,brake_pressure_bar,0.27,0
1.1000,0x100,speed_kmph,80.72,0
1.1200,0x002,steering_angle_deg,5.84,0
1.1400,0x002,steering_angle_deg,6.39,0
1.1600,0x002,steering_angle_deg,6.15,0
1.1800,0x002,steering_angle_deg,5.86,0
1.2000,0x002,steering_angle_deg,5.34,0
1.2000,0x050,brake_pressure_bar,4.00,0
1.2000,0x100,speed_kmph,79.83,0
1.2200,0x002,steering_angle_deg,5.52,0
1.2400,0x002,steering_angle_deg,6.77,0
1.2600,0x002,steering_angle_deg,6.23,0
1.2800,0x002,steering_angle_deg,6.08,0
1.3000,0x002,steering_angle_deg,7.03,0
1.3000,0x050,brake_pressure_bar,0.51,0
1.3000,0x100,speed_kmph,80.05,0
1.3200,0x002,steering_angle_deg,5.51,0
1.3400,0x002,steering_angle_deg,6.30,0
1.3600,0x002,steering_angle_deg,5.47,0
1.3800,0x002,steering_angle_deg,7.04,0
1.4000,0x002,steering_angle_deg,6.82,0
1.4000,0x050,brake_pressure_bar,0.93,0
1.4000,0x100,speed_kmph,79.36,0
1.4200,0x002,steering_angle_deg,7.01,0
1.4400,0x002,steering_angle_deg,6.22,0
1.4600,0x002,steering_angle_deg,7.45,0
1.4800,0x002,steering_angle_deg,7.51,0
1.5000,0x002,steering_angle_deg,6.55,0
1.5000,0x050,brake_pressure_bar,4.36,0
1.5000,0x100,speed_kmph,80.01,0
1.5200,0x002,steering_angle_deg,6.34,0
1.5400,0x002,steering_angle_deg,6.42,0
1.5600,0x002,steering_angle_deg,7.73,0
1.5800,0x002,steering_angle_deg,7.50,0
1.6000,0x002,steering_angle_deg,6.40,0
1.6000,0x050,brake_pressure_bar,2.78,0
1.6000,0x100,speed_kmph,79.35,0
1.6200,0x002,steering_angle_deg,6.35,0
1.6400,0x002,steering_angle_deg,8.01,0
1.6600,0x002,steering_angle_deg,7.06,0
1.6800,0x002,steering_angle_deg,7.04,0
1.7000,0x002,steering_angle_deg,7.74,0
1.7000,0x050,brake_pressure_bar,4.47,0
1.7000,0x100,speed_kmph,80.76,0
1.7200,0x002,steering_angle_deg,7.78,0
1.7400,0x002,steering_angle_deg,7.11,0
1.7600,0x002,steering_angle_deg,7.81,0
1.7800,0x002,steering_angle_deg,7.79,0
1.8000,0x002,steering_angle_deg,7.23,0
1.8000,0x050,brake_pressure_bar,1.30,0
1.8000,0x100,speed_kmph,79.90,0
1.8200,0x002,steering_angle_deg,7.25,0
1.8400,0x002,steering_angle_deg,8.37,0
1.8600,0x002,steering_angle_deg,8.06,0
1.8800,0x002,steering_angle_deg,8.99,0
1.9000,0x002,steering_angle_deg,7.31,0
1.9000,0x050,brake_pressure_bar,3.79,0
1.9000,0x100,speed_kmph,79.67,0
1.9200,0x002,steering_angle_deg,7.87,0
1.9400,0x002,steering_angle_deg,8.08,0
1.9600,0x002,steering_angle_deg,7.74,0
1.9800,0x002,steering_angle_deg,9.36,0
2.0000,0x002,steering_angle_deg,9.28,0
2.0000,0x050,brake_pressure_bar,4.10,0
2.0000,0x100,speed_kmph,79.56,0
2.0200,0x002,steering_angle_deg,7.89,0
2.0400,0x002,steering_angle_deg,8.11,0
2.0600,0x002,steering_angle_deg,8.68,0
2.0800,0x002,steering_angle_deg,8.50,0
2.1000,0x002,steering_angle_deg,8.33,0
2.1000,0x050,brake_pressure_bar,2.55,0
2.1000,0x100,speed_kmph,80.89,0
2.1200,0x002,steering_angle_deg,9.27,0
2.1400,0x002,steering_angle_deg,8.80,0
2.1600,0x002,steering_angle_deg,8.41,0
2.1800,0x002,steering_angle_deg,8.12,0
2.2000,0x002,steering_angle_deg,9.14,0
2.2000,0x050,brake_pressure_bar,3.19,0
2.2000,0x100,speed_kmph,80.28,0
2.2200,0x002,steering_angle_deg,8.63,0
2.2400,0x002,steering_angle_deg,8.22,0
2.2600,0x002,steering_angle_deg,8.53,0
2.2800,0x002,steering_angle_deg,8.09,0
2.3000,0x002,steering_angle_deg,9.31,0
2.3000,0x050,brake_pressure_bar,2.62,0
2.3000,0x100,speed_kmph,79.71,0
2.3200,0x002,steering_angle_deg,10.09,0
2.3400,0x002,steering_angle_deg,8.40,0
2.3600,0x002,steering_angle_deg,8.85,0
2.3800,0x002,steering_angle_deg,9.27,0
2.4000,0x002,steering_angle_deg,10.31,0
2.4000,0x050,brake_pressure_bar,1.12,0
2.4000,0x100,speed_kmph,79.88,0
2.4200,0x002,steering_angle_deg,9.66,0
2.4400,0x002,steering_angle_deg,8.62,0
2.4600,0x002,steering_angle_deg,9.60,0
2.4800,0x002,steering_angle_deg,10.39,0
2.5000,0x002,steering_angle_deg,10.08,0
2.5000,0x050,brake_pressure_bar,4.35,0
2.5000,0x100,speed_kmph,79.57,0
2.5200,0x002,steering_angle_deg,10.19,0
2.5400,0x002,steering_angle_deg,10.43,0
2.5600,0x002,steering_angle_deg,9.10,0
2.5800,0x002,steering_angle_deg,10.13,0
2.6000,0x002,steering_angle_deg,9.21,0
2.6000,0x050,brake_pressure_bar,3.52,0
2.6000,0x100,speed_kmph,80.79,0
2.6200,0x002,steering_angle_deg,10.05,0
2.6400,0x002,steering_angle_deg,9.75,0
2.6600,0x002,steering_angle_deg,10.21,0
2.6800,0x002,steering_angle_deg,10.67,0
2.7000,0x002,steering_angle_deg,9.20,0
2.7000,0x050,brake_pressure_bar,0.26,0
2.7000,0x100,speed_kmph,79.04,0
2.7200,0x002,steering_angle_deg,10.43,0
2.7400,0x002,steering_angle_deg,8.98,0
2.7600,0x002,steering_angle_deg,10.38,0
2.7800,0x002,steering_angle_deg,9.33,0
2.8000,0x002,steering_angle_deg,10.40,0
2.8000,0x050,brake_pressure_bar,4.01,0
2.8000,0x100,speed_kmph,79.66,0
2.8200,0x002,steering_angle_deg,9.08,0
2.8400,0x002,steering_angle_deg,10.70,0
2.8600,0x002,steering_angle_deg,10.52,0
2.8800,0x002,steering_angle_deg,9.71,0
2.9000,0x002,steering_angle_deg,9.45,0
2.9000,0x050,brake_pressure_bar,3.97,0
2.9000,0x100,speed_kmph,79.26,0
2.9200,0x002,steering_angle_deg,10.39,0
2.9400,0x002,steering_angle_deg,9.61,0
2.9600,0x002,steering_angle_deg,9.39,0
2.9800,0x002,steering_angle_deg,9.93,0
3.0000,0x002,steering_angle_deg,10.79,0
3.0000,0x050,brake_pressure_bar,3.64,0
3.0000,0x100,speed_kmph,80.91,0
3.0200,0x002,steering_angle_deg,10.14,0
3.0400,0x002,steering_angle_deg,9.91,0
3.0600,0x002,steering_angle_deg,9.10,0
3.0800,0x002,steering_angle_deg,9.94,0
3.1000,0x002,steering_angle_deg,9.56,0
3.1000,0x050,brake_pressure_bar,0.24,0
3.1000,0x100,speed_kmph,79.69,0
3.1200,0x002,steering_angle_deg,9.79,0
3.1400,0x002,steering_angle_deg,9.19,0
3.1600,0x002,steering_angle_deg,9.99,0
3.1800,0x002,steering_angle_deg,9.00,0
3.2000,0x002,steering_angle_deg,9.03,0
3.2000,0x050,brake_pressure_bar,0.56,0
3.2000,0x100,speed_kmph,80.38,0
3.2200,0x002,steering_angle_deg,9.02,0
3.2400,0x002,steering_angle_deg,10.00,0
3.2600,0x002,steering_angle_deg,10.42,0
3.2800,0x002,steering_angle_deg,9.34,0
3.3000,0x002,steering_angle_deg,9.22,0
3.3000,0x050,brake_pressure_bar,4.35,0
3.3000,0x100,speed_kmph,79.76,0
3.3200,0x002,steering_angle_deg,10.33,0
3.3400,0x002,steering_angle_deg,10.51,0
3.3600,0x002,steering_angle_deg,10.88,0
3.3800,0x002,steering_angle_deg,10.14,0
3.4000,0x002,steering_angle_deg,9.62,0
3.4000,0x050,brake_pressure_bar,0.28,0
3.4000,0x100,speed_kmph,80.62,0
3.4200,0x002,steering_angle_deg,9.56,0
3.4400,0x002,steering_angle_deg,10.72,0
3.4600,0x002,steering_angle_deg,9.89,0
3.4800,0x002,steering_angle_deg,10.51,0
3.5000,0x002,steering_angle_deg,8.93,0
3.5000,0x050,brake_pressure_bar,3.03,0
3.5000,0x100,speed_kmph,79.63,0
3.5200,0x002,steering_angle_deg,10.63,0
3.5400,0x002,steering_angle_deg,10.76,0
3.5600,0x002,steering_angle_deg,10.18,0
3.5800,0x002,steering_angle_deg,8.78,0
3.6000,0x002,steering_angle_deg,8.91,0
3.6000,0x050,brake_pressure_bar,1.15,0
3.6000,0x100,speed_kmph,80.90,0
3.6200,0x002,steering_angle_deg,10.68,0
3.6400,0x002,steering_angle_deg,10.47,0
3.6600,0x002,steering_angle_deg,10.45,0
3.6800,0x002,steering_angle_deg,10.22,0
3.7000,0x002,steering_angle_deg,8.69,0
3.7000,0x050,brake_pressure_bar,1.78,0
3.7000,0x100,speed_kmph,79.75,0
3.7200,0x002,steering_angle_deg,9.39,0
3.7400,0x002,steering_angle_deg,10.38,0
3.7600,0x002,steering_angle_deg,9.25,0
3.7800,0x002,steering_angle_deg,10.06,0
3.8000,0x002,steering_angle_deg,8.49,0
3.8000,0x050,brake_pressure_bar,0.80,0
3.8000,0x100,speed_kmph,79.06,0
3.8200,0x002,steering_angle_deg,8.93,0
3.8400,0x002,steering_angle_deg,8.49,0
3.8600,0x002,steering_angle_deg,10.03,0
3.8800,0x002,steering_angle_deg,10.19,0
3.9000,0x002,steering_angle_deg,9.68,0
3.9000,0x050,brake_pressure_bar,4.96,0
3.9000,0x100,speed_kmph,79.46,0
3.9200,0x002,steering_angle_deg,9.91,0
3.9400,0x002,steering_angle_deg,8.83,0
3.9600,0x002,steering_angle_deg,9.00,0
3.9800,0x002,steering_angle_deg,9.96,0
4.0000,0x002,steering_angle_deg,9.96,0
4.0000,0x050,brake_pressure_bar,1.56,0
4.0000,0x100,speed_kmph,80.11,0
4.0200,0x002,steering_angle_deg,8.28,0
4.0400,0x002,steering_angle_deg,9.10,0
4.0600,0x002,steering_angle_deg,9.64,0
4.0800,0x002,steering_angle_deg,9.47,0
4.1000,0x002,steering_angle_deg,8.55,0
4.1000,0x050,brake_pressure_bar,1.83,0
4.1000,0x100,speed_kmph,80.49,0
4.1200,0x002,steering_angle_deg,8.97,0
4.1400,0x002,steering_angle_deg,8.56,0
4.1600,0x002,steering_angle_deg,8.36,0
4.1800,0x002,steering_angle_deg,8.66,0
4.2000,0x002,steering_angle_deg,8.76,0
4.2000,0x050,brake_pressure_bar,3.00,0
4.2000,0x100,speed_kmph,79.50,0
4.2200,0x002,steering_angle_deg,7.63,0
4.2400,0x002,steering_angle_deg,8.50,0
4.2600,0x002,steering_angle_deg,8.79,0
4.2800,0x002,steering_angle_deg,8.18,0
4.3000,0x002,steering_angle_deg,8.00,0
4.3000,0x050,brake_pressure_bar,1.82,0
4.3000,0x100,speed_kmph,80.83,0
4.3200,0x002,steering_angle_deg,9.04,0
4.3400,0x002,steering_angle_deg,7.84,0
4.3600,0x002,steering_angle_deg,8.26,0
4.3800,0x002,steering_angle_deg,8.91,0
4.4000,0x002,steering_angle_deg,7.30,0
4.4000,0x050,brake_pressure_bar,0.88,0
4.4000,0x100,speed_kmph,79.26,0
4.4200,0x002,steering_angle_deg,8.23,0
4.4400,0x002,steering_angle_deg,7.45,0
4.4600,0x002,steering_angle_deg,8.44,0
4.4800,0x002,steering_angle_deg,7.45,0
4.5000,0x002,steering_angle_deg,8.29,0
4.5000,0x050,brake_pressure_bar,0.94,0
4.5000,0x100,speed_kmph,79.65,0
4.5200,0x002,steering_angle_deg,7.25,0
4.5400,0x002,steering_angle_deg,6.79,0
4.5600,0x002,steering_angle_deg,6.78,0
4.5800,0x002,steering_angle_deg,8.27,0
4.6000,0x002,steering_angle_deg,7.95,0
4.6000,0x050,brake_pressure_bar,2.35,0
4.6000,0x100,speed_kmph,80.77,0
4.6200,0x002,steering_angle_deg,6.99,0
4.6400,0x002,steering_angle_deg,6.95,0
4.6600,0x002,steering_angle_deg,6.82,0
4.6800,0x002,steering_angle_deg,8.00,0
4.7000,0x002,steering_angle_deg,6.68,0
4.7000,0x050,brake_pressure_bar,4.16,0
4.7000,0x100,speed_kmph,80.88,0
4.7200,0x002,steering_angle_deg,6.87,0
4.7400,0x002,steering_angle_deg,7.27,0
4.7600,0x002,steering_angle_deg,7.39,0
4.7800,0x002,steering_angle_deg,6.77,0
4.8000,0x002,steering_angle_deg,6.89,0
4.8000,0x050,brake_pressure_bar,3.79,0
4.8000,0x100,speed_kmph,80.67,0
4.8200,0x002,steering_angle_deg,6.85,0
4.8400,0x002,steering_angle_deg,6.59,0
4.8600,0x002,steering_angle_deg,7.26,0
4.8800,0x002,steering_angle_deg,6.78,0
4.9000,0x002,steering_angle_deg,6.82,0
4.9000,0x050,brake_pressure_bar,4.95,0
4.9000,0x100,speed_kmph,79.78,0
4.9200,0x002,steering_angle_deg,5.75,0
4.9400,0x002,steering_angle_deg,7.19,0
4.9600,0x002,steering_angle_deg,5.22,0
4.9800,0x002,steering_angle_deg,5.90,0
5.0000,0x002,steering_angle_deg,6.47,0
5.0000,0x050,brake_pressure_bar,0.73,0
5.0000,0x100,speed_kmph,79.21,0
5.0200,0x002,steering_angle_deg,5.08,0
5.0400,0x002,steering_angle_deg,5.89,0
5.0600,0x002,steering_angle_deg,5.24,0
5.0800,0x002,steering_angle_deg,5.88,0
5.1000,0x002,steering_angle_deg,6.21,0
5.1000,0x050,brake_pressure_bar,1.53,0
5.1000,0x100,speed_kmph,80.20,0
5.1200,0x002,steering_angle_deg,5.21,0
5.1400,0x002,steering_angle_deg,4.52,0
5.1600,0x002,steering_angle_deg,4.67,0
5.1800,0x002,steering_angle_deg,4.52,0
5.2000,0x002,steering_angle_deg,5.62,0
5.2000,0x050,brake_pressure_bar,4.97,0
5.2000,0x100,speed_kmph,79.79,0
5.2200,0x002,steering_angle_deg,4.56,0
5.2400,0x002,steering_angle_deg,4.10,0
5.2600,0x002,steering_angle_deg,4.33,0
5.2800,0x002,steering_angle_deg,4.40,0
5.3000,0x002,steering_angle_deg,4.97,0
5.3000,0x050,brake_pressure_bar,4.57,0
5.3000,0x100,speed_kmph,79.39,0
5.3200,0x002,steering_angle_deg,5.25,0
5.3400,0x002,steering_angle_deg,4.94,0
5.3600,0x002,steering_angle_deg,5.16,0
5.3800,0x002,steering_angle_deg,3.51,0
5.4000,0x002,steering_angle_deg,3.56,0
5.4000,0x050,brake_pressure_bar,3.07,0
5.4000,0x100,speed_kmph,79.99,0
5.4200,0x002,steering_angle_deg,4.27,0
5.4400,0x002,steering_angle_deg,5.03,0
5.4600,0x002,steering_angle_deg,4.92,0
5.4800,0x002,steering_angle_deg,3.03,0
5.5000,0x002,steering_angle_deg,4.22,0
5.5000,0x050,brake_pressure_bar,0.86,0
5.5000,0x100,speed_kmph,79.85,0
5.5200,0x002,steering_angle_deg,3.36,0
5.5400,0x002,steering_angle_deg,2.75,0
5.5600,0x002,steering_angle_deg,3.92,0
5.5800,0x002,steering_angle_deg,3.64,0
5.6000,0x002,steering_angle_deg,3.39,0
5.6000,0x050,brake_pressure_bar,0.80,0
5.6000,0x100,speed_kmph,79.89,0
5.6200,0x002,steering_angle_deg,3.33,0
5.6400,0x002,steering_angle_deg,3.67,0
5.6600,0x002,steering_angle_deg,3.71,0
5.6800,0x002,steering_angle_deg,2.31,0
5.7000,0x002,steering_angle_deg,3.14,0
5.7000,0x050,brake_pressure_bar,2.09,0
5.7000,0x100,speed_kmph,79.57,0
5.7200,0x002,steering_angle_deg,3.27,0
5.7400,0x002,steering_angle_deg,3.67,0
5.7600,0x002,steering_angle_deg,2.18,0
5.7800,0x002,steering_angle_deg,3.34,0
5.8000,0x002,steering_angle_deg,2.24,0
5.8000,0x050,brake_pressure_bar,3.74,0
5.8000,0x100,speed_kmph,80.64,0
5.8200,0x002,steering_angle_deg,3.08,0
5.8400,0x002,steering_angle_deg,1.71,0
5.8600,0x002,steering_angle_deg,2.20,0
5.8800,0x002,steering_angle_deg,1.98,0
5.9000,0x002,steering_angle_deg,2.50,0
5.9000,0x050,brake_pressure_bar,2.74,0
5.9000,0x100,speed_kmph,79.09,0
5.9200,0x002,steering_angle_deg,2.39,0
5.9400,0x002,steering_angle_deg,2.52,0
5.9600,0x002,steering_angle_deg,2.04,0
5.9800,0x002,steering_angle_deg,0.53,0
6.0000,0x002,steering_angle_deg,0.91,0
6.0000,0x050,brake_pressure_bar,1.10,0
6.0000,0x100,speed_kmph,80.38,0
6.0200,0x002,steering_angle_deg,1.21,0
6.0400,0x002,steering_angle_deg,0.39,0
6.0600,0x002,steering_angle_deg,0.41,0
6.0800,0x002,steering_angle_deg,0.05,0
6.1000,0x002,steering_angle_deg,0.15,0
6.1000,0x050,brake_pressure_bar,1.93,0
6.1000,0x100,speed_kmph,80.58,0
6.1200,0x002,steering_angle_deg,0.83,0
6.1400,0x002,steering_angle_deg,0.41,0
6.1600,0x002,steering_angle_deg,0.40,0
6.1800,0x002,steering_angle_deg,1.36,0
6.2000,0x002,steering_angle_deg,1.23,0
6.2000,0x050,brake_pressure_bar,4.82,0
6.2000,0x100,speed_kmph,80.84,0
6.2200,0x002,steering_angle_deg,0.77,0
6.2400,0x002,steering_angle_deg,0.98,0
6.2600,0x002,steering_angle_deg,0.16,0
6.2800,0x002,steering_angle_deg,0.49,0
6.3000,0x002,steering_angle_deg,0.18,0
6.3000,0x050,brake_pressure_bar,3.98,0
6.3000,0x100,speed_kmph,80.14,0
6.3200,0x002,steering_angle_deg,0.28,0
6.3400,0x002,steering_angle_deg,0.19,0
6.3600,0x002,steering_angle_deg,-0.09,0
6.3800,0x002,steering_angle_deg,0.18,0
6.4000,0x002,steering_angle_deg,-0.52,0
6.4000,0x050,brake_pressure_bar,2.88,0
6.4000,0x100,speed_kmph,79.53,0
6.4200,0x002,steering_angle_deg,0.31,0
6.4400,0x002,steering_angle_deg,-0.84,0
6.4600,0x002,steering_angle_deg,-0.66,0
6.4800,0x002,steering_angle_deg,-0.74,0
6.5000,0x002,steering_angle_deg,-0.28,0
6.5000,0x050,brake_pressure_bar,1.43,0
6.5000,0x100,speed_kmph,79.67,0
6.5200,0x002,steering_angle_deg,-1.71,0
6.5400,0x002,steering_angle_deg,-0.99,0
6.5600,0x002,steering_angle_deg,-1.52,0
6.5800,0x002,steering_angle_deg,-1.50,0
6.6000,0x002,steering_angle_deg,-2.52,0
6.6000,0x050,brake_pressure_bar,0.82,0
6.6000,0x100,speed_kmph,80.26,0
6.6200,0x002,steering_angle_deg,-2.17,0
6.6400,0x002,steering_angle_deg,-1.65,0
6.6600,0x002,steering_angle_deg,-1.43,0
6.6800,0x002,steering_angle_deg,-1.49,0
6.7000,0x002,steering_angle_deg,-1.69,0
6.7000,0x050,brake_pressure_bar,0.19,0
6.7000,0x100,speed_kmph,79.75,0
6.7200,0x002,steering_angle_deg,-2.82,0
6.7400,0x002,steering_angle_deg,-1.71,0
6.7600,0x002,steering_angle_deg,-2.19,0
6.7800,0x002,steering_angle_deg,-3.40,0
6.8000,0x002,steering_angle_deg,-3.31,0
6.8000,0x050,brake_pressure_bar,3.42,0
6.8000,0x100,speed_kmph,80.81,0
6.8200,0x002,steering_angle_deg,-1.83,0
6.8400,0x002,steering_angle_deg,-3.60,0
6.8600,0x002,steering_angle_deg,-3.50,0
6.8800,0x002,steering_angle_deg,-2.97,0
6.9000,0x002,steering_angle_deg,-3.79,0
6.9000,0x050,brake_pressure_bar,1.73,0
6.9000,0x100,speed_kmph,80.78,0
6.9200,0x002,steering_angle_deg,-2.34,0
6.9400,0x002,steering_angle_deg,-3.41,0
6.9600,0x002,steering_angle_deg,-3.52,0
6.9800,0x002,steering_angle_deg,-2.79,0
7.0000,0x002,steering_angle_deg,-3.44,0
7.0000,0x050,brake_pressure_bar,0.59,0
7.0000,0x100,speed_kmph,79.67,0
7.0200,0x002,steering_angle_deg,-2.73,0
7.0400,0x002,steering_angle_deg,-4.02,0
7.0600,0x002,steering_angle_deg,-3.72,0
7.0800,0x002,steering_angle_deg,-3.61,0
7.1000,0x002,steering_angle_deg,-3.14,0
7.1000,0x050,brake_pressure_bar,3.70,0
7.1000,0x100,speed_kmph,80.16,0
7.1200,0x002,steering_angle_deg,-4.51,0
7.1400,0x002,steering_angle_deg,-3.67,0
7.1600,0x002,steering_angle_deg,-3.81,0
7.1800,0x002,steering_angle_deg,-5.12,0
7.2000,0x002,steering_angle_deg,-4.57,0
7.2000,0x050,brake_pressure_bar,1.29,0
7.2000,0x100,speed_kmph,81.00,0
7.2200,0x002,steering_angle_deg,-5.07,0
7.2400,0x002,steering_angle_deg,-5.09,0
7.2600,0x002,steering_angle_deg,-5.36,0
7.2800,0x002,steering_angle_deg,-3.99,0
7.3000,0x002,steering_angle_deg,-5.75,0
7.3000,0x050,brake_pressure_bar,0.64,0
7.3000,0x100,speed_kmph,80.46,0
7.3200,0x002,steering_angle_deg,-5.85,0
7.3400,0x002,steering_angle_deg,-5.51,0
7.3600,0x002,steering_angle_deg,-4.89,0
7.3800,0x002,steering_angle_deg,-5.45,0
7.4000,0x002,steering_angle_deg,-4.45,0
7.4000,0x050,brake_pressure_bar,3.00,0
7.4000,0x100,speed_kmph,80.57,0
7.4200,0x002,steering_angle_deg,-5.89,0
7.4400,0x002,steering_angle_deg,-5.20,0
7.4600,0x002,steering_angle_deg,-6.11,0
7.4800,0x002,steering_angle_deg,-6.27,0
7.5000,0x002,steering_angle_deg,-6.39,0
7.5000,0x050,brake_pressure_bar,1.29,0
7.5000,0x100,speed_kmph,80.82,0
7.5200,0x002,steering_angle_deg,-6.61,0
7.5400,0x002,steering_angle_deg,-5.93,0
7.5600,0x002,steering_angle_deg,-5.43,0
7.5800,0x002,steering_angle_deg,-6.46,0
7.6000,0x002,steering_angle_deg,-5.46,0
7.6000,0x050,brake_pressure_bar,2.85,0
7.6000,0x100,speed_kmph,79.57,0
7.6200,0x002,steering_angle_deg,-6.68,0
7.6400,0x002,steering_angle_deg,-5.58,0
7.6600,0x002,steering_angle_deg,-5.66,0
7.6800,0x002,steering_angle_deg,-7.04,0
7.7000,0x002,steering_angle_deg,-6.27,0
7.7000,0x050,brake_pressure_bar,0.12,0
7.7000,0x100,speed_kmph,80.81,0
7.7200,0x002,steering_angle_deg,-7.58,0
7.7400,0x002,steering_angle_deg,-6.98,0
7.7600,0x002,steering_angle_deg,-6.91,0
7.7800,0x002,steering_angle_deg,-6.77,0
7.8000,0x002,steering_angle_deg,-6.67,0
7.8000,0x050,brake_pressure_bar,4.72,0
7.8000,0x100,speed_kmph,79.54,0
7.8200,0x002,steering_angle_deg,-7.59,0
7.8400,0x002,steering_angle_deg,-6.23,0
7.8600,0x002,steering_angle_deg,-7.75,0
7.8800,0x002,steering_angle_deg,-6.37,0
7.9000,0x002,steering_angle_deg,-6.31,0
7.9000,0x050,brake_pressure_bar,0.51,0
7.9000,0x100,speed_kmph,79.60,0
7.9200,0x002,steering_angle_deg,-6.89,0
7.9400,0x002,steering_angle_deg,-7.16,0
7.9600,0x002,steering_angle_deg,-7.96,0
7.9800,0x002,steering_angle_deg,-7.94,0
8.0000,0x002,steering_angle_deg,-6.70,0
8.0000,0x050,brake_pressure_bar,2.95,0
8.0000,0x100,speed_kmph,80.17,0
8.0200,0x002,steering_angle_deg,-8.54,0
8.0400,0x002,steering_angle_deg,-6.91,0
8.0600,0x002,steering_angle_deg,-8.17,0
8.0800,0x002,steering_angle_deg,-7.68,0
8.1000,0x002,steering_angle_deg,-7.47,0
8.1000,0x050,brake_pressure_bar,0.33,0
8.1000,0x100,speed_kmph,79.18,0
8.1200,0x002,steering_angle_deg,-7.32,0
8.1400,0x002,steering_angle_deg,-7.56,0
8.1600,0x002,steering_angle_deg,-8.81,0
8.1800,0x002,steering_angle_deg,-7.28,0
8.2000,0x002,steering_angle_deg,-7.62,0
8.2000,0x050,brake_pressure_bar,4.14,0
8.2000,0x100,speed_kmph,80.56,0
8.2200,0x002,steering_angle_deg,-8.09,0
8.2400,0x002,steering_angle_deg,-7.63,0
8.2600,0x002,steering_angle_deg,-8.47,0
8.2800,0x002,steering_angle_deg,-9.19,0
8.3000,0x002,steering_angle_deg,-9.01,0
8.3000,0x050,brake_pressure_bar,4.05,0
8.3000,0x100,speed_kmph,79.16,0
8.3200,0x002,steering_angle_deg,-9.05,0
8.3400,0x002,steering_angle_deg,-9.44,0
8.3600,0x002,steering_angle_deg,-9.09,0
8.3800,0x002,steering_angle_deg,-8.60,0
8.4000,0x002,steering_angle_deg,-8.40,0
8.4000,0x050,brake_pressure_bar,0.57,0
8.4000,0x100,speed_kmph,80.03,0
8.4200,0x002,steering_angle_deg,-8.66,0
8.4400,0x002,steering_angle_deg,-9.63,0
8.4600,0x002,steering_angle_deg,-8.55,0
8.4800,0x002,steering_angle_deg,-8.54,0
8.5000,0x002,steering_angle_deg,-8.83,0
8.5000,0x050,brake_pressure_bar,3.40,0
8.5000,0x100,speed_kmph,80.06,0
8.5200,0x002,steering_angle_deg,-8.77,0
8.5400,0x002,steering_angle_deg,-8.59,0
8.5600,0x002,steering_angle_deg,-8.64,0
8.5800,0x002,steering_angle_deg,-9.89,0
8.6000,0x002,steering_angle_deg,-8.71,0
8.6000,0x050,brake_pressure_bar,0.44,0
8.6000,0x100,speed_kmph,80.92,0
8.6200,0x002,steering_angle_deg,-9.34,0
8.6400,0x002,steering_angle_deg,-8.67,0
8.6600,0x002,steering_angle_deg,-9.04,0
8.6800,0x002,steering_angle_deg,-9.17,0
8.7000,0x002,steering_angle_deg,-9.57,0
8.7000,0x050,brake_pressure_bar,1.73,0
8.7000,0x100,speed_kmph,79.87,0
8.7200,0x002,steering_angle_deg,-8.59,0
8.7400,0x002,steering_angle_deg,-10.14,0
8.7600,0x002,steering_angle_deg,-8.66,0
8.7800,0x002,steering_angle_deg,-9.66,0
8.8000,0x002,steering_angle_deg,-9.29,0
8.8000,0x050,brake_pressure_bar,0.57,0
8.8000,0x100,speed_kmph,79.03,0
8.8200,0x002,steering_angle_deg,-9.53,0
8.8400,0x002,steering_angle_deg,-9.91,0
8.8600,0x002,steering_angle_deg,-8.95,0
8.8800,0x002,steering_angle_deg,-8.93,0
8.9000,0x002,steering_angle_deg,-8.79,0
8.9000,0x050,brake_pressure_bar,0.12,0
8.9000,0x100,speed_kmph,80.30,0
8.9200,0x002,steering_angle_deg,-10.25,0
8.9400,0x002,steering_angle_deg,-10.03,0
8.9600,0x002,steering_angle_deg,-9.13,0
8.9800,0x002,steering_angle_deg,-10.31,0
9.0000,0x002,steering_angle_deg,-10.64,0
9.0000,0x050,brake_pressure_bar,3.31,0
9.0000,0x100,speed_kmph,79.01,0
9.0200,0x002,steering_angle_deg,-9.37,0
9.0400,0x002,steering_angle_deg,-9.64,0
9.0600,0x002,steering_angle_deg,-8.91,0
9.0800,0x002,steering_angle_deg,-8.99,0
9.1000,0x002,steering_angle_deg,-9.93,0
9.1000,0x050,brake_pressure_bar,2.07,0
9.1000,0x100,speed_kmph,80.27,0
9.1200,0x002,steering_angle_deg,-9.95,0
9.1400,0x002,steering_angle_deg,-9.19,0
9.1600,0x002,steering_angle_deg,-10.10,0
9.1800,0x002,steering_angle_deg,-10.01,0
9.2000,0x002,steering_angle_deg,-9.13,0
9.2000,0x050,brake_pressure_bar,3.57,0
9.2000,0x100,speed_kmph,79.12,0
9.2200,0x002,steering_angle_deg,-9.26,0
9.2400,0x002,steering_angle_deg,-10.94,0
9.2600,0x002,steering_angle_deg,-10.13,0
9.2800,0x002,steering_angle_deg,-10.25,0
9.3000,0x002,steering_angle_deg,-10.80,0
9.3000,0x050,brake_pressure_bar,3.06,0
9.3000,0x100,speed_kmph,79.07,0
9.3200,0x002,steering_angle_deg,-10.04,0
9.3400,0x002,steering_angle_deg,-9.11,0
9.3600,0x002,steering_angle_deg,-9.36,0
9.3800,0x002,steering_angle_deg,-9.72,0
9.4000,0x002,steering_angle_deg,-9.96,0
9.4000,0x050,brake_pressure_bar,1.73,0
9.4000,0x100,speed_kmph,80.68,0
9.4200,0x002,steering_angle_deg,-10.99,0
9.4400,0x002,steering_angle_deg,-10.41,0
9.4600,0x002,steering_angle_deg,-10.28,0
9.4800,0x002,steering_angle_deg,-10.50,0
9.5000,0x002,steering_angle_deg,-9.09,0
9.5000,0x050,brake_pressure_bar,2.50,0
9.5000,0x100,speed_kmph,80.07,0
9.5200,0x002,steering_angle_deg,-9.02,0
9.5400,0x002,steering_angle_deg,-9.99,0
9.5600,0x002,steering_angle_deg,-10.47,0
9.5800,0x002,steering_angle_deg,-9.57,0
9.6000,0x002,steering_angle_deg,-9.37,0
9.6000,0x050,brake_pressure_bar,1.88,0
9.6000,0x100,speed_kmph,80.83,0
9.6200,0x002,steering_angle_deg,-9.88,0
9.6400,0x002,steering_angle_deg,-9.45,0
9.6600,0x002,steering_angle_deg,-9.03,0
9.6800,0x002,steering_angle_deg,-10.72,0
9.7000,0x002,steering_angle_deg,-8.97,0
9.7000,0x050,brake_pressure_bar,0.91,0
9.7000,0x100,speed_kmph,80.15,0
9.7200,0x002,steering_angle_deg,-9.82,0
9.7400,0x002,steering_angle_deg,-9.67,0
9.7600,0x002,steering_angle_deg,-9.60,0
9.7800,0x002,steering_angle_deg,-9.34,0
9.8000,0x002,steering_angle_deg,-10.56,0
9.8000,0x050,brake_pressure_bar,1.71,0
9.8000,0x100,speed_kmph,79.98,0
9.8200,0x002,steering_angle_deg,-10.72,0
9.8400,0x002,steering_angle_deg,-9.93,0
9.8600,0x002,steering_angle_deg,-9.70,0
9.8800,0x002,steering_angle_deg,-8.94,0
9.9000,0x002,steering_angle_deg,-9.60,0
9.9000,0x050,brake_pressure_bar,0.97,0
9.9000,0x100,speed_kmph,79.53,0
9.9200,0x002,steering_angle_deg,-9.57,0
9.9400,0x002,steering_angle_deg,-9.47,0
9.9600,0x002,steering_angle_deg,-9.78,0
9.9800,0x002,steering_angle_deg,-10.32,0
10.0000,0x002,steering_angle_deg,18.26,1
10.0000,0x050,brake_pressure_bar,0.37,0
10.0000,0x100,speed_kmph,79.48,0
10.0020,0x002,steering_angle_deg,131.36,1
10.0040,0x002,steering_angle_deg,72.05,1
10.0060,0x002,steering_angle_deg,124.68,1
10.0080,0x002,steering_angle_deg,62.48,1
10.0100,0x002,steering_angle_deg,-19.56,1
10.0120,0x002,steering_angle_deg,-18.74,1
10.0140,0x002,steering_angle_deg,18.97,1
10.0160,0x002,steering_angle_deg,-49.21,1
10.0180,0x002,steering_angle_deg,74.62,1
10.0200,0x002,steering_angle_deg,-52.92,1
10.0220,0x002,steering_angle_deg,81.94,1
10.0240,0x002,steering_angle_deg,-48.08,1
10.0260,0x002,steering_angle_deg,-159.43,1
10.0280,0x002,steering_angle_deg,-104.68,1
10.0300,0x002,steering_angle_deg,172.41,1
10.0320,0x002,steering_angle_deg,-179.43,1
10.0340,0x002,steering_angle_deg,-29.82,1
10.0360,0x002,steering_angle_deg,-113.69,1
10.0380,0x002,steering_angle_deg,109.89,1
10.0400,0x002,steering_angle_deg,9.47,1
10.0420,0x002,steering_angle_deg,135.47,1
10.0440,0x002,steering_angle_deg,134.62,1
10.0460,0x002,steering_angle_deg,3.31,1
10.0480,0x002,steering_angle_deg,148.90,1
10.0500,0x002,steering_angle_deg,152.13,1
10.0520,0x002,steering_angle_deg,14.67,1
10.0540,0x002,steering_angle_deg,38.34,1
10.0560,0x002,steering_angle_deg,84.01,1
10.0580,0x002,steering_angle_deg,10.03,1
10.0600,0x002,steering_angle_deg,-90.94,1
10.0620,0x002,steering_angle_deg,108.95,1
10.0640,0x002,steering_angle_deg,-81.43,1
10.0660,0x002,steering_angle_deg,70.12,1
10.0680,0x002,steering_angle_deg,-27.45,1
10.0700,0x002,steering_angle_deg,74.73,1
10.0720,0x002,steering_angle_deg,55.65,1
10.0740,0x002,steering_angle_deg,2.73,1
10.0760,0x002,steering_angle_deg,5.78,1
10.0780,0x002,steering_angle_deg,-148.90,1
10.0800,0x002,steering_angle_deg,120.57,1
10.0820,0x002,steering_angle_deg,97.94,1
10.0840,0x002,steering_angle_deg,93.10,1
10.0860,0x002,steering_angle_deg,178.71,1
10.0880,0x002,steering_angle_deg,42.38,1
10.0900,0x002,steering_angle_deg,19.22,1
10.0920,0x002,steering_angle_deg,-135.06,1
10.0940,0x002,steering_angle_deg,168.72,1
10.0960,0x002,steering_angle_deg,-114.26,1
10.0980,0x002,steering_angle_deg,-61.42,1
10.1000,0x002,steering_angle_deg,-147.65,1
10.1000,0x050,brake_pressure_bar,2.07,0
10.1000,0x100,speed_kmph,79.21,0
10.1020,0x002,steering_angle_deg,-72.23,1
10.1040,0x002,steering_angle_deg,155.52,1
10.1060,0x002,steering_angle_deg,55.54,1
10.1080,0x002,steering_angle_deg,127.89,1
10.1100,0x002,steering_angle_deg,-52.64,1
10.1120,0x002,steering_angle_deg,121.25,1
10.1140,0x002,steering_angle_deg,73.34,1
10.1160,0x002,steering_angle_deg,-17.41,1
10.1180,0x002,steering_angle_deg,37.93,1
10.1200,0x002,steering_angle_deg,129.31,1
10.1220,0x002,steering_angle_deg,-88.17,1
10.1240,0x002,steering_angle_deg,17.84,1
10.1260,0x002,steering_angle_deg,-66.04,1
10.1280,0x002,steering_angle_deg,-130.26,1
10.1300,0x002,steering_angle_deg,-77.18,1
10.1320,0x002,steering_angle_deg,167.71,1
10.1340,0x002,steering_angle_deg,15.82,1
10.1360,0x002,steering_angle_deg,-136.56,1
10.1380,0x002,steering_angle_deg,-68.29,1
10.1400,0x002,steering_angle_deg,89.91,1
10.1420,0x002,steering_angle_deg,32.33,1
10.1440,0x002,steering_angle_deg,-36.49,1
10.1460,0x002,steering_angle_deg,-110.56,1
10.1480,0x002,steering_angle_deg,-55.77,1
10.1500,0x002,steering_angle_deg,100.91,1
10.1520,0x002,steering_angle_deg,41.66,1
10.1540,0x002,steering_angle_deg,103.77,1
10.1560,0x002,steering_angle_deg,-26.67,1
10.1580,0x002,steering_angle_deg,15.84,1
10.1600,0x002,steering_angle_deg,109.20,1
10.1620,0x002,steering_angle_deg,-127.82,1
10.1640,0x002,steering_angle_deg,-75.45,1
10.1660,0x002,steering_angle_deg,145.18,1
10.1680,0x002,steering_angle_deg,21.72,1
10.1700,0x002,steering_angle_deg,-62.44,1
10.1720,0x002,steering_angle_deg,-13.80,1
10.1740,0x002,steering_angle_deg,161.32,1
10.1760,0x002,steering_angle_deg,-76.59,1
10.1780,0x002,steering_angle_deg,-26.56,1
10.1800,0x002,steering_angle_deg,36.94,1
10.1820,0x002,steering_angle_deg,83.87,1
10.1840,0x002,steering_angle_deg,-65.30,1
10.1860,0x002,steering_angle_deg,-139.09,1
10.1880,0x002,steering_angle_deg,69.25,1
10.1900,0x002,steering_angle_deg,-14.02,1
10.1920,0x002,steering_angle_deg,140.57,1
10.1940,0x002,steering_angle_deg,50.49,1
10.1960,0x002,steering_angle_deg,162.94,1
10.1980,0x002,steering_angle_deg,146.54,1
10.2000,0x002,steering_angle_deg,-140.25,1
10.2000,0x050,brake_pressure_bar,0.87,0
10.2000,0x100,speed_kmph,79.88,0
10.2020,0x002,steering_angle_deg,94.13,1
10.2040,0x002,steering_angle_deg,-167.84,1
10.2060,0x002,steering_angle_deg,-111.43,1
10.2080,0x002,steering_angle_deg,-7.01,1
10.2100,0x002,steering_angle_deg,-158.15,1
10.2120,0x002,steering_angle_deg,122.24,1
10.2140,0x002,steering_angle_deg,147.06,1
10.2160,0x002,steering_angle_deg,2.00,1
10.2180,0x002,steering_angle_deg,-99.04,1
10.2200,0x002,steering_angle_deg,-19.69,1
10.2220,0x002,steering_angle_deg,10.22,1
10.2240,0x002,steering_angle_deg,-103.68,1
10.2260,0x002,steering_angle_deg,83.18,1
10.2280,0x002,steering_angle_deg,140.75,1
10.2300,0x002,steering_angle_deg,-176.14,1
10.2320,0x002,steering_angle_deg,4.76,1
10.2340,0x002,steering_angle_deg,-14.44,1
10.2360,0x002,steering_angle_deg,-83.89,1
10.2380,0x002,steering_angle_deg,69.93,1
10.2400,0x002,steering_angle_deg,-138.75,1
10.2420,0x002,steering_angle_deg,101.22,1
10.2440,0x002,steering_angle_deg,-59.05,1
10.2460,0x002,steering_angle_deg,-104.10,1
10.2480,0x002,steering_angle_deg,-156.13,1
10.2500,0x002,steering_angle_deg,166.23,1
10.2520,0x002,steering_angle_deg,-81.22,1
10.2540,0x002,steering_angle_deg,70.88,1
10.2560,0x002,steering_angle_deg,-66.91,1
10.2580,0x002,steering_angle_deg,67.43,1
10.2600,0x002,steering_angle_deg,-64.67,1
10.2620,0x002,steering_angle_deg,112.18,1
10.2640,0x002,steering_angle_deg,-160.32,1
10.2660,0x002,steering_angle_deg,-18.93,1
10.2680,0x002,steering_angle_deg,24.56,1
10.2700,0x002,steering_angle_deg,-72.20,1
10.2720,0x002,steering_angle_deg,91.16,1
10.2740,0x002,steering_angle_deg,164.15,1
10.2760,0x002,steering_angle_deg,-122.62,1
10.2780,0x002,steering_angle_deg,38.42,1
10.2800,0x002,steering_angle_deg,-168.60,1
10.2820,0x002,steering_angle_deg,164.49,1
10.2840,0x002,steering_angle_deg,-92.18,1
10.2860,0x002,steering_angle_deg,167.59,1
10.2880,0x002,steering_angle_deg,-31.11,1
10.2900,0x002,steering_angle_deg,117.35,1
10.2920,0x002,steering_angle_deg,-129.74,1
10.2940,0x002,steering_angle_deg,-115.77,1
10.2960,0x002,steering_angle_deg,3.68,1
10.2980,0x002,steering_angle_deg,-97.47,1
10.3000,0x002,steering_angle_deg,20.61,1
10.3000,0x050,brake_pressure_bar,0.94,0
10.3000,0x100,speed_kmph,79.23,0
10.3020,0x002,steering_angle_deg,-121.19,1
10.3040,0x002,steering_angle_deg,-19.98,1
10.3060,0x002,steering_angle_deg,-67.47,1
10.3080,0x002,steering_angle_deg,85.98,1
10.3100,0x002,steering_angle_deg,133.17,1
10.3120,0x002,steering_angle_deg,0.03,1
10.3140,0x002,steering_angle_deg,-129.84,1
10.3160,0x002,steering_angle_deg,92.32,1
10.3180,0x002,steering_angle_deg,2.13,1
10.3200,0x002,steering_angle_deg,0.40,1
10.3220,0x002,steering_angle_deg,35.58,1
10.3240,0x002,steering_angle_deg,40.73,1
10.3260,0x002,steering_angle_deg,165.95,1
10.3280,0x002,steering_angle_deg,139.45,1
10.3300,0x002,steering_angle_deg,165.11,1
10.3320,0x002,steering_angle_deg,-1.91,1
10.3340,0x002,steering_angle_deg,-22.41,1
10.3360,0x002,steering_angle_deg,-149.62,1
10.3380,0x002,steering_angle_deg,69.91,1
10.3400,0x002,steering_angle_deg,-61.50,1
10.3420,0x002,steering_angle_deg,151.41,1
10.3440,0x002,steering_angle_deg,121.73,1
10.3460,0x002,steering_angle_deg,51.00,1
10.3480,0x002,steering_angle_deg,-92.98,1
10.3500,0x002,steering_angle_deg,136.04,1
10.3520,0x002,steering_angle_deg,9.22,1
10.3540,0x002,steering_angle_deg,-81.15,1
10.3560,0x002,steering_angle_deg,-114.55,1
10.3580,0x002,steering_angle_deg,158.75,1
10.3600,0x002,steering_angle_deg,-121.76,1
10.3620,0x002,steering_angle_deg,-50.98,1
10.3640,0x002,steering_angle_deg,-152.63,1
10.3660,0x002,steering_angle_deg,63.69,1
10.3680,0x002,steering_angle_deg,-68.85,1
10.3700,0x002,steering_angle_deg,64.34,1
10.3720,0x002,steering_angle_deg,-15.49,1
10.3740,0x002,steering_angle_deg,-160.08,1
10.3760,0x002,steering_angle_deg,91.16,1
10.3780,0x002,steering_angle_deg,149.64,1
10.3800,0x002,steering_angle_deg,-133.58,1
10.3820,0x002,steering_angle_deg,-166.48,1
10.3840,0x002,steering_angle_deg,109.97,1
10.3860,0x002,steering_angle_deg,-22.95,1
10.3880,0x002,steering_angle_deg,158.68,1
10.3900,0x002,steering_angle_deg,-106.59,1
10.3920,0x002,steering_angle_deg,59.79,1
10.3940,0x002,steering_angle_deg,6.25,1
10.3960,0x002,steering_angle_deg,-162.87,1
10.3980,0x002,steering_angle_deg,-65.88,1
10.4000,0x002,steering_angle_deg,-48.27,1
10.4000,0x050,brake_pressure_bar,4.29,0
10.4000,0x100,speed_kmph,79.76,0
10.4020,0x002,steering_angle_deg,65.93,1
10.4040,0x002,steering_angle_deg,-94.12,1
10.4060,0x002,steering_angle_deg,40.27,1
10.4080,0x002,steering_angle_deg,-25.14,1
10.4100,0x002,steering_angle_deg,29.51,1
10.4120,0x002,steering_angle_deg,-146.52,1
10.4140,0x002,steering_angle_deg,5.83,1
10.4160,0x002,steering_angle_deg,175.19,1
10.4180,0x002,steering_angle_deg,153.38,1
10.4200,0x002,steering_angle_deg,123.48,1
10.4220,0x002,steering_angle_deg,25.18,1
10.4240,0x002,steering_angle_deg,-72.28,1
10.4260,0x002,steering_angle_deg,-24.26,1
10.4280,0x002,steering_angle_deg,-63.08,1
10.4300,0x002,steering_angle_deg,140.93,1
10.4320,0x002,steering_angle_deg,152.78,1
10.4340,0x002,steering_angle_deg,32.72,1
10.4360,0x002,steering_angle_deg,64.02,1
10.4380,0x002,steering_angle_deg,-114.19,1
10.4400,0x002,steering_angle_deg,-97.94,1
10.4420,0x002,steering_angle_deg,157.22,1
10.4440,0x002,steering_angle_deg,80.65,1
10.4460,0x002,steering_angle_deg,119.20,1
10.4480,0x002,steering_angle_deg,-39.22,1
10.4500,0x002,steering_angle_deg,-155.62,1
10.4520,0x002,steering_angle_deg,147.78,1
10.4540,0x002,steering_angle_deg,21.81,1
10.4560,0x002,steering_angle_deg,7.12,1
10.4580,0x002,steering_angle_deg,-18.35,1
10.4600,0x002,steering_angle_deg,157.77,1
10.4620,0x002,steering_angle_deg,-129.06,1
10.4640,0x002,steering_angle_deg,-154.83,1
10.4660,0x002,steering_angle_deg,-97.53,1
10.4680,0x002,steering_angle_deg,-41.80,1
10.4700,0x002,steering_angle_deg,152.45,1
10.4720,0x002,steering_angle_deg,-84.69,1
10.4740,0x002,steering_angle_deg,77.40,1
10.4760,0x002,steering_angle_deg,-148.09,1
10.4780,0x002,steering_angle_deg,150.87,1
10.4800,0x002,steering_angle_deg,151.76,1
10.4820,0x002,steering_angle_deg,148.21,1
10.4840,0x002,steering_angle_deg,-126.43,1
10.4860,0x002,steering_angle_deg,146.45,1
10.4880,0x002,steering_angle_deg,15.58,1
10.4900,0x002,steering_angle_deg,-172.20,1
10.4920,0x002,steering_angle_deg,104.04,1
10.4940,0x002,steering_angle_deg,28.77,1
10.4960,0x002,steering_angle_deg,10.17,1
10.4980,0x002,steering_angle_deg,31.54,1
10.5000,0x002,steering_angle_deg,49.46,1
10.5000,0x050,brake_pressure_bar,2.49,0
10.5000,0x100,speed_kmph,79.26,0
10.5020,0x002,steering_angle_deg,-107.65,1
10.5040,0x002,steering_angle_deg,-96.55,1
10.5060,0x002,steering_angle_deg,-29.01,1
10.5080,0x002,steering_angle_deg,112.92,1
10.5100,0x002,steering_angle_deg,26.42,1
10.5120,0x002,steering_angle_deg,-10.03,1
10.5140,0x002,steering_angle_deg,-63.97,1
10.5160,0x002,steering_angle_deg,47.26,1
10.5180,0x002,steering_angle_deg,110.82,1
10.5200,0x002,steering_angle_deg,100.86,1
10.5220,0x002,steering_angle_deg,-81.48,1
10.5240,0x002,steering_angle_deg,-173.65,1
10.5260,0x002,steering_angle_deg,16.46,1
10.5280,0x002,steering_angle_deg,1.03,1
10.5300,0x002,steering_angle_deg,68.07,1
10.5320,0x002,steering_angle_deg,-44.14,1
10.5340,0x002,steering_angle_deg,73.37,1
10.5360,0x002,steering_angle_deg,-72.99,1
10.5380,0x002,steering_angle_deg,-16.05,1
10.5400,0x002,steering_angle_deg,118.57,1
10.5420,0x002,steering_angle_deg,-179.07,1
10.5440,0x002,steering_angle_deg,138.31,1
10.5460,0x002,steering_angle_deg,90.49,1
10.5480,0x002,steering_angle_deg,43.30,1
10.5500,0x002,steering_angle_deg,-6.70,1
10.5520,0x002,steering_angle_deg,-174.11,1
10.5540,0x002,steering_angle_deg,-111.94,1
10.5560,0x002,steering_angle_deg,-49.48,1
10.5580,0x002,steering_angle_deg,-83.47,1
10.5600,0x002,steering_angle_deg,129.03,1
10.5620,0x002,steering_angle_deg,51.97,1
10.5640,0x002,steering_angle_deg,139.39,1
10.5660,0x002,steering_angle_deg,10.08,1
10.5680,0x002,steering_angle_deg,-124.15,1
10.5700,0x002,steering_angle_deg,-31.87,1
10.5720,0x002,steering_angle_deg,-87.44,1
10.5740,0x002,steering_angle_deg,24.23,1
10.5760,0x002,steering_angle_deg,-93.53,1
10.5780,0x002,steering_angle_deg,177.42,1
10.5800,0x002,steering_angle_deg,91.39,1
10.5820,0x002,steering_angle_deg,-50.42,1
10.5840,0x002,steering_angle_deg,-92.72,1
10.5860,0x002,steering_angle_deg,-133.82,1
10.5880,0x002,steering_angle_deg,109.20,1
10.5900,0x002,steering_angle_deg,141.75,1
10.5920,0x002,steering_angle_deg,-123.40,1
10.5940,0x002,steering_angle_deg,23.91,1
10.5960,0x002,steering_angle_deg,-22.86,1
10.5980,0x002,steering_angle_deg,-38.92,1
10.6000,0x002,steering_angle_deg,-67.17,1
10.6000,0x050,brake_pressure_bar,4.29,0
10.6000,0x100,speed_kmph,80.21,0
10.6020,0x002,steering_angle_deg,-65.37,1
10.6040,0x002,steering_angle_deg,-116.59,1
10.6060,0x002,steering_angle_deg,-165.69,1
10.6080,0x002,steering_angle_deg,-152.27,1
10.6100,0x002,steering_angle_deg,171.81,1
10.6120,0x002,steering_angle_deg,10.26,1
10.6140,0x002,steering_angle_deg,-75.96,1
10.6160,0x002,steering_angle_deg,24.46,1
10.6180,0x002,steering_angle_deg,-32.02,1
10.6200,0x002,steering_angle_deg,-124.44,1
10.6220,0x002,steering_angle_deg,-54.14,1
10.6240,0x002,steering_angle_deg,-128.33,1
10.6260,0x002,steering_angle_deg,-8.94,1
10.6280,0x002,steering_angle_deg,21.48,1
10.6300,0x002,steering_angle_deg,15.74,1
10.6320,0x002,steering_angle_deg,106.91,1
10.6340,0x002,steering_angle_deg,76.44,1
10.6360,0x002,steering_angle_deg,-72.41,1
10.6380,0x002,steering_angle_deg,-121.45,1
10.6400,0x002,steering_angle_deg,18.96,1
10.6420,0x002,steering_angle_deg,102.29,1
10.6440,0x002,steering_angle_deg,99.03,1
10.6460,0x002,steering_angle_deg,120.39,1
10.6480,0x002,steering_angle_deg,-78.94,1
10.6500,0x002,steering_angle_deg,-23.57,1
10.6520,0x002,steering_angle_deg,160.28,1
10.6540,0x002,steering_angle_deg,-29.34,1
10.6560,0x002,steering_angle_deg,56.36,1
10.6580,0x002,steering_angle_deg,-149.78,1
10.6600,0x002,steering_angle_deg,-64.90,1
10.6620,0x002,steering_angle_deg,40.33,1
10.6640,0x002,steering_angle_deg,20.91,1
10.6660,0x002,steering_angle_deg,-4.37,1
10.6680,0x002,steering_angle_deg,-44.95,1
10.6700,0x002,steering_angle_deg,3.41,1
10.6720,0x002,steering_angle_deg,64.93,1
10.6740,0x002,steering_angle_deg,-109.13,1
10.6760,0x002,steering_angle_deg,-99.76,1
10.6780,0x002,steering_angle_deg,-48.70,1
10.6800,0x002,steering_angle_deg,104.85,1
10.6820,0x002,steering_angle_deg,158.31,1
10.6840,0x002,steering_angle_deg,-74.97,1
10.6860,0x002,steering_angle_deg,-178.04,1
10.6880,0x002,steering_angle_deg,13.10,1
10.6900,0x002,steering_angle_deg,39.52,1
10.6920,0x002,steering_angle_deg,-78.39,1
10.6940,0x002,steering_angle_deg,-42.59,1
10.6960,0x002,steering_angle_deg,-133.72,1
10.6980,0x002,steering_angle_deg,-30.17,1
10.7000,0x002,steering_angle_deg,-52.74,1
10.7000,0x050,brake_pressure_bar,2.38,0
10.7000,0x100,speed_kmph,79.54,0
10.7020,0x002,steering_angle_deg,-44.10,1
10.7040,0x002,steering_angle_deg,58.33,1
10.7060,0x002,steering_angle_deg,166.13,1
10.7080,0x002,steering_angle_deg,77.10,1
10.7100,0x002,steering_angle_deg,173.52,1
10.7120,0x002,steering_angle_deg,131.12,1
10.7140,0x002,steering_angle_deg,82.78,1
10.7160,0x002,steering_angle_deg,4.80,1
10.7180,0x002,steering_angle_deg,-15.00,1
10.7200,0x002,steering_angle_deg,-16.81,1
10.7220,0x002,steering_angle_deg,-35.59,1
10.7240,0x002,steering_angle_deg,49.26,1
10.7260,0x002,steering_angle_deg,-179.49,1
10.7280,0x002,steering_angle_deg,13.21,1
10.7300,0x002,steering_angle_deg,41.23,1
10.7320,0x002,steering_angle_deg,73.54,1
10.7340,0x002,steering_angle_deg,106.83,1
10.7360,0x002,steering_angle_deg,-24.75,1
10.7380,0x002,steering_angle_deg,-116.09,1
10.7400,0x002,steering_angle_deg,11.86,1
10.7420,0x002,steering_angle_deg,-152.76,1
10.7440,0x002,steering_angle_deg,-84.11,1
10.7460,0x002,steering_angle_deg,140.37,1
10.7480,0x002,steering_angle_deg,-160.10,1
10.7500,0x002,steering_angle_deg,-72.52,1
10.7520,0x002,steering_angle_deg,136.36,1
10.7540,0x002,steering_angle_deg,-17.91,1
10.7560,0x002,steering_angle_deg,-59.93,1
10.7580,0x002,steering_angle_deg,0.11,1
10.7600,0x002,steering_angle_deg,-50.77,1
10.7620,0x002,steering_angle_deg,-87.71,1
10.7640,0x002,steering_angle_deg,120.44,1
10.7660,0x002,steering_angle_deg,100.46,1
10.7680,0x002,steering_angle_deg,101.21,1
10.7700,0x002,steering_angle_deg,-69.29,1
10.7720,0x002,steering_angle_deg,-166.81,1
10.7740,0x002,steering_angle_deg,101.82,1
10.7760,0x002,steering_angle_deg,127.73,1
10.7780,0x002,steering_angle_deg,-27.06,1
10.7800,0x002,steering_angle_deg,28.79,1
10.7820,0x002,steering_angle_deg,125.19,1
10.7840,0x002,steering_angle_deg,134.67,1
10.7860,0x002,steering_angle_deg,43.88,1
10.7880,0x002,steering_angle_deg,-12.83,1
10.7900,0x002,steering_angle_deg,95.36,1
10.7920,0x002,steering_angle_deg,175.72,1
10.7940,0x002,steering_angle_deg,21.87,1
10.7960,0x002,steering_angle_deg,-127.40,1
10.7980,0x002,steering_angle_deg,-11.99,1
10.8000,0x002,steering_angle_deg,2.60,1
10.8000,0x050,brake_pressure_bar,2.62,0
10.8000,0x100,speed_kmph,80.80,0
10.8020,0x002,steering_angle_deg,-66.62,1
10.8040,0x002,steering_angle_deg,-146.54,1
10.8060,0x002,steering_angle_deg,-163.03,1
10.8080,0x002,steering_angle_deg,-102.73,1
10.8100,0x002,steering_angle_deg,109.20,1
10.8120,0x002,steering_angle_deg,-107.16,1
10.8140,0x002,steering_angle_deg,26.87,1
10.8160,0x002,steering_angle_deg,-75.47,1
10.8180,0x002,steering_angle_deg,40.09,1
10.8200,0x002,steering_angle_deg,-166.09,1
10.8220,0x002,steering_angle_deg,50.46,1
10.8240,0x002,steering_angle_deg,-89.26,1
10.8260,0x002,steering_angle_deg,86.15,1
10.8280,0x002,steering_angle_deg,-102.24,1
10.8300,0x002,steering_angle_deg,43.57,1
10.8320,0x002,steering_angle_deg,-3.77,1
10.8340,0x002,steering_angle_deg,-176.23,1
10.8360,0x002,steering_angle_deg,71.25,1
10.8380,0x002,steering_angle_deg,-156.37,1
10.8400,0x002,steering_angle_deg,-4.85,1
10.8420,0x002,steering_angle_deg,94.41,1
10.8440,0x002,steering_angle_deg,157.46,1
10.8460,0x002,steering_angle_deg,165.55,1
10.8480,0x002,steering_angle_deg,-160.79,1
10.8500,0x002,steering_angle_deg,121.70,1
10.8520,0x002,steering_angle_deg,-18.63,1
10.8540,0x002,steering_angle_deg,-155.65,1
10.8560,0x002,steering_angle_deg,-33.68,1
10.8580,0x002,steering_angle_deg,84.56,1
10.8600,0x002,steering_angle_deg,52.48,1
10.8620,0x002,steering_angle_deg,103.12,1
10.8640,0x002,steering_angle_deg,91.93,1
10.8660,0x002,steering_angle_deg,45.42,1
10.8680,0x002,steering_angle_deg,-56.38,1
10.8700,0x002,steering_angle_deg,-44.56,1
10.8720,0x002,steering_angle_deg,127.90,1
10.8740,0x002,steering_angle_deg,-92.23,1
10.8760,0x002,steering_angle_deg,100.72,1
10.8780,0x002,steering_angle_deg,81.01,1
10.8800,0x002,steering_angle_deg,-166.43,1
10.8820,0x002,steering_angle_deg,69.86,1
10.8840,0x002,steering_angle_deg,-40.93,1
10.8860,0x002,steering_angle_deg,171.01,1
10.8880,0x002,steering_angle_deg,8.20,1
10.8900,0x002,steering_angle_deg,78.42,1
10.8920,0x002,steering_angle_deg,104.91,1
10.8940,0x002,steering_angle_deg,105.81,1
10.8960,0x002,steering_angle_deg,-173.22,1
10.8980,0x002,steering_angle_deg,112.08,1
10.9000,0x002,steering_angle_deg,-167.32,1
10.9000,0x050,brake_pressure_bar,4.64,0
10.9000,0x100,speed_kmph,79.12,0
10.9020,0x002,steering_angle_deg,-123.58,1
10.9040,0x002,steering_angle_deg,-124.94,1
10.9060,0x002,steering_angle_deg,-57.54,1
10.9080,0x002,steering_angle_deg,-41.55,1
10.9100,0x002,steering_angle_deg,44.28,1
10.9120,0x002,steering_angle_deg,-43.03,1
10.9140,0x002,steering_angle_deg,41.84,1
10.9160,0x002,steering_angle_deg,138.67,1
10.9180,0x002,steering_angle_deg,137.64,1
10.9200,0x002,steering_angle_deg,-2.94,1
10.9220,0x002,steering_angle_deg,-84.62,1
10.9240,0x002,steering_angle_deg,-51.16,1
10.9260,0x002,steering_angle_deg,-68.51,1
10.9280,0x002,steering_angle_deg,-118.39,1
10.9300,0x002,steering_angle_deg,-54.11,1
10.9320,0x002,steering_angle_deg,-51.03,1
10.9340,0x002,steering_angle_deg,132.08,1
10.9360,0x002,steering_angle_deg,-130.08,1
10.9380,0x002,steering_angle_deg,8.54,1
10.9400,0x002,steering_angle_deg,-106.10,1
10.9420,0x002,steering_angle_deg,66.44,1
10.9440,0x002,steering_angle_deg,58.53,1
10.9460,0x002,steering_angle_deg,-102.06,1
10.9480,0x002,steering_angle_deg,1.92,1
10.9500,0x002,steering_angle_deg,-148.06,1
10.9520,0x002,steering_angle_deg,-7.90,1
10.9540,0x002,steering_angle_deg,101.68,1
10.9560,0x002,steering_angle_deg,-24.92,1
10.9580,0x002,steering_angle_deg,-150.72,1
10.9600,0x002,steering_angle_deg,12.08,1
10.9620,0x002,steering_angle_deg,-118.20,1
10.9640,0x002,steering_angle_deg,126.80,1
10.9660,0x002,steering_angle_deg,-109.41,1
10.9680,0x002,steering_angle_deg,-64.71,1
10.9700,0x002,steering_angle_deg,-10.36,1
10.9720,0x002,steering_angle_deg,-109.12,1
10.9740,0x002,steering_angle_deg,167.43,1
10.9760,0x002,steering_angle_deg,-177.41,1
10.9780,0x002,steering_angle_deg,132.25,1
10.9800,0x002,steering_angle_deg,90.22,1
10.9820,0x002,steering_angle_deg,1.31,1
10.9840,0x002,steering_angle_deg,-65.78,1
10.9860,0x002,steering_angle_deg,112.96,1
10.9880,0x002,steering_angle_deg,132.11,1
10.9900,0x002,steering_angle_deg,-114.37,1
10.9920,0x002,steering_angle_deg,-24.21,1
10.9940,0x002,steering_angle_deg,128.11,1
10.9960,0x002,steering_angle_deg,83.10,1
10.9980,0x002,steering_angle_deg,2.18,1
11.0000,0x002,steering_angle_deg,-24.39,1
11.0000,0x050,brake_pressure_bar,3.57,0
11.0000,0x100,speed_kmph,80.27,0
11.0020,0x002,steering_angle_deg,37.78,1
11.0040,0x002,steering_angle_deg,-42.13,1
11.0060,0x002,steering_angle_deg,-60.22,1
11.0080,0x002,steering_angle_deg,-7.73,1
11.0100,0x002,steering_angle_deg,-55.37,1
11.0120,0x002,steering_angle_deg,56.13,1
11.0140,0x002,steering_angle_deg,-145.88,1
11.0160,0x002,steering_angle_deg,-40.46,1
11.0180,0x002,steering_angle_deg,87.11,1
11.0200,0x002,steering_angle_deg,-38.49,1
11.0220,0x002,steering_angle_deg,127.51,1
11.0240,0x002,steering_angle_deg,82.87,1
11.0260,0x002,steering_angle_deg,-99.41,1
11.0280,0x002,steering_angle_deg,-101.06,1
11.0300,0x002,steering_angle_deg,-47.59,1
11.0320,0x002,steering_angle_deg,-104.69,1
11.0340,0x002,steering_angle_deg,171.77,1
11.0360,0x002,steering_angle_deg,-47.96,1
11.0380,0x002,steering_angle_deg,29.66,1
11.0400,0x002,steering_angle_deg,-61.86,1
11.0420,0x002,steering_angle_deg,-5.16,1
11.0440,0x002,steering_angle_deg,-68.02,1
11.0460,0x002,steering_angle_deg,-109.95,1
11.0480,0x002,steering_angle_deg,-13.70,1
11.0500,0x002,steering_angle_deg,-24.44,1
11.0520,0x002,steering_angle_deg,-45.88,1
11.0540,0x002,steering_angle_deg,64.00,1
11.0560,0x002,steering_angle_deg,134.60,1
11.0580,0x002,steering_angle_deg,42.12,1
11.0600,0x002,steering_angle_deg,113.00,1
11.0620,0x002,steering_angle_deg,-115.08,1
11.0640,0x002,steering_angle_deg,-155.17,1
11.0660,0x002,steering_angle_deg,-133.97,1
11.0680,0x002,steering_angle_deg,-3.81,1
11.0700,0x002,steering_angle_deg,-79.19,1
11.0720,0x002,steering_angle_deg,-8.81,1
11.0740,0x002,steering_angle_deg,-147.43,1
11.0760,0x002,steering_angle_deg,115.19,1
11.0780,0x002,steering_angle_deg,116.53,1
11.0800,0x002,steering_angle_deg,146.48,1
11.0820,0x002,steering_angle_deg,90.68,1
11.0840,0x002,steering_angle_deg,-80.16,1
11.0860,0x002,steering_angle_deg,175.18,1
11.0880,0x002,steering_angle_deg,148.22,1
11.0900,0x002,steering_angle_deg,89.25,1
11.0920,0x002,steering_angle_deg,102.28,1
11.0940,0x002,steering_angle_deg,116.62,1
11.0960,0x002,steering_angle_deg,-179.00,1
11.0980,0x002,steering_angle_deg,-25.07,1
11.1000,0x002,steering_angle_deg,-165.06,1
11.1000,0x050,brake_pressure_bar,4.80,0
11.1000,0x100,speed_kmph,79.37,0
11.1020,0x002,steering_angle_deg,82.23,1
11.1040,0x002,steering_angle_deg,-2.17,1
11.1060,0x002,steering_angle_deg,-118.51,1
11.1080,0x002,steering_angle_deg,-28.05,1
11.1100,0x002,steering_angle_deg,81.25,1
11.1120,0x002,steering_angle_deg,-156.35,1
11.1140,0x002,steering_angle_deg,-65.28,1
11.1160,0x002,steering_angle_deg,130.85,1
11.1180,0x002,steering_angle_deg,-9.69,1
11.1200,0x002,steering_angle_deg,177.15,1
11.1220,0x002,steering_angle_deg,115.21,1
11.1240,0x002,steering_angle_deg,-58.15,1
11.1260,0x002,steering_angle_deg,-38.84,1
11.1280,0x002,steering_angle_deg,68.21,1
11.1300,0x002,steering_angle_deg,-43.73,1
11.1320,0x002,steering_angle_deg,-96.43,1
11.1340,0x002,steering_angle_deg,16.40,1
11.1360,0x002,steering_angle_deg,-83.38,1
11.1380,0x002,steering_angle_deg,-91.31,1
11.1400,0x002,steering_angle_deg,18.29,1
11.1420,0x002,steering_angle_deg,0.57,1
11.1440,0x002,steering_angle_deg,25.42,1
11.1460,0x002,steering_angle_deg,143.65,1
11.1480,0x002,steering_angle_deg,92.60,1
11.1500,0x002,steering_angle_deg,36.11,1
11.1520,0x002,steering_angle_deg,53.71,1
11.1540,0x002,steering_angle_deg,83.43,1
11.1560,0x002,steering_angle_deg,162.11,1
11.1580,0x002,steering_angle_deg,46.32,1
11.1600,0x002,steering_angle_deg,159.52,1
11.1620,0x002,steering_angle_deg,143.65,1
11.1640,0x002,steering_angle_deg,14.49,1
11.1660,0x002,steering_angle_deg,-41.97,1
11.1680,0x002,steering_angle_deg,-95.66,1
11.1700,0x002,steering_angle_deg,-110.08,1
11.1720,0x002,steering_angle_deg,-0.05,1
11.1740,0x002,steering_angle_deg,-100.25,1
11.1760,0x002,steering_angle_deg,45.75,1
11.1780,0x002,steering_angle_deg,73.85,1
11.1800,0x002,steering_angle_deg,-5.96,1
11.1820,0x002,steering_angle_deg,-70.12,1
11.1840,0x002,steering_angle_deg,168.38,1
11.1860,0x002,steering_angle_deg,178.54,1
11.1880,0x002,steering_angle_deg,127.82,1
11.1900,0x002,steering_angle_deg,-117.35,1
11.1920,0x002,steering_angle_deg,-17.18,1
11.1940,0x002,steering_angle_deg,-175.65,1
11.1960,0x002,steering_angle_deg,165.50,1
11.1980,0x002,steering_angle_deg,98.07,1
11.2000,0x002,steering_angle_deg,50.10,1
11.2000,0x050,brake_pressure_bar,3.45,0
11.2000,0x100,speed_kmph,80.20,0
11.2020,0x002,steering_angle_deg,-167.01,1
11.2040,0x002,steering_angle_deg,-138.04,1
11.2060,0x002,steering_angle_deg,-123.29,1
11.2080,0x002,steering_angle_deg,-75.06,1
11.2100,0x002,steering_angle_deg,-154.07,1
11.2120,0x002,steering_angle_deg,67.36,1
11.2140,0x002,steering_angle_deg,39.05,1
11.2160,0x002,steering_angle_deg,46.63,1
11.2180,0x002,steering_angle_deg,60.20,1
11.2200,0x002,steering_angle_deg,143.06,1
11.2220,0x002,steering_angle_deg,-150.92,1
11.2240,0x002,steering_angle_deg,130.08,1
11.2260,0x002,steering_angle_deg,128.15,1
11.2280,0x002,steering_angle_deg,158.77,1
11.2300,0x002,steering_angle_deg,167.24,1
11.2320,0x002,steering_angle_deg,11.58,1
11.2340,0x002,steering_angle_deg,-94.98,1
11.2360,0x002,steering_angle_deg,102.55,1
11.2380,0x002,steering_angle_deg,98.56,1
11.2400,0x002,steering_angle_deg,156.69,1
11.2420,0x002,steering_angle_deg,9.02,1
11.2440,0x002,steering_angle_deg,-106.34,1
11.2460,0x002,steering_angle_deg,-58.29,1
11.2480,0x002,steering_angle_deg,-142.74,1
11.2500,0x002,steering_angle_deg,45.23,1
11.2520,0x002,steering_angle_deg,-152.64,1
11.2540,0x002,steering_angle_deg,-164.83,1
11.2560,0x002,steering_angle_deg,-134.19,1
11.2580,0x002,steering_angle_deg,175.73,1
11.2600,0x002,steering_angle_deg,-44.06,1
11.2620,0x002,steering_angle_deg,40.78,1
11.2640,0x002,steering_angle_deg,-4.92,1
11.2660,0x002,steering_angle_deg,64.56,1
11.2680,0x002,steering_angle_deg,-40.84,1
11.2700,0x002,steering_angle_deg,-134.88,1
11.2720,0x002,steering_angle_deg,-5.13,1
11.2740,0x002,steering_angle_deg,-47.16,1
11.2760,0x002,steering_angle_deg,160.66,1
11.2780,0x002,steering_angle_deg,166.26,1
11.2800,0x002,steering_angle_deg,92.67,1
11.2820,0x002,steering_angle_deg,47.70,1
11.2840,0x002,steering_angle_deg,-93.17,1
11.2860,0x002,steering_angle_deg,51.10,1
11.2880,0x002,steering_angle_deg,-176.81,1
11.2900,0x002,steering_angle_deg,54.13,1
11.2920,0x002,steering_angle_deg,-21.55,1
11.2940,0x002,steering_angle_deg,73.50,1
11.2960,0x002,steering_angle_deg,-50.94,1
11.2980,0x002,steering_angle_deg,-0.10,1
11.3000,0x002,steering_angle_deg,-37.00,1
11.3000,0x050,brake_pressure_bar,0.64,0
11.3000,0x100,speed_kmph,80.20,0
11.3020,0x002,steering_angle_deg,168.72,1
11.3040,0x002,steering_angle_deg,-66.20,1
11.3060,0x002,steering_angle_deg,142.58,1
11.3080,0x002,steering_angle_deg,66.81,1
11.3100,0x002,steering_angle_deg,-39.07,1
11.3120,0x002,steering_angle_deg,-169.81,1
11.3140,0x002,steering_angle_deg,58.49,1
11.3160,0x002,steering_angle_deg,-52.75,1
11.3180,0x002,steering_angle_deg,-9.75,1
11.3200,0x002,steering_angle_deg,-175.91,1
11.3220,0x002,steering_angle_deg,-115.62,1
11.3240,0x002,steering_angle_deg,-96.93,1
11.3260,0x002,steering_angle_deg,124.46,1
11.3280,0x002,steering_angle_deg,-3.18,1
11.3300,0x002,steering_angle_deg,-53.32,1
11.3320,0x002,steering_angle_deg,28.53,1
11.3340,0x002,steering_angle_deg,-64.42,1
11.3360,0x002,steering_angle_deg,-111.93,1
11.3380,0x002,steering_angle_deg,-7.86,1
11.3400,0x002,steering_angle_deg,-18.76,1
11.3420,0x002,steering_angle_deg,24.25,1
11.3440,0x002,steering_angle_deg,30.11,1
11.3460,0x002,steering_angle_deg,-174.58,1
11.3480,0x002,steering_angle_deg,-111.08,1
11.3500,0x002,steering_angle_deg,68.05,1
11.3520,0x002,steering_angle_deg,85.30,1
11.3540,0x002,steering_angle_deg,54.57,1
11.3560,0x002,steering_angle_deg,-24.62,1
11.3580,0x002,steering_angle_deg,64.93,1
11.3600,0x002,steering_angle_deg,-68.42,1
11.3620,0x002,steering_angle_deg,108.80,1
11.3640,0x002,steering_angle_deg,160.03,1
11.3660,0x002,steering_angle_deg,-51.78,1
11.3680,0x002,steering_angle_deg,-41.73,1
11.3700,0x002,steering_angle_deg,-146.68,1
11.3720,0x002,steering_angle_deg,105.38,1
11.3740,0x002,steering_angle_deg,87.58,1
11.3760,0x002,steering_angle_deg,3.77,1
11.3780,0x002,steering_angle_deg,15.22,1
11.3800,0x002,steering_angle_deg,-44.03,1
11.3820,0x002,steering_angle_deg,-72.45,1
11.3840,0x002,steering_angle_deg,-167.75,1
11.3860,0x002,steering_angle_deg,-92.31,1
11.3880,0x002,steering_angle_deg,70.16,1
11.3900,0x002,steering_angle_deg,61.34,1
11.3920,0x002,steering_angle_deg,-43.68,1
11.3940,0x002,steering_angle_deg,111.72,1
11.3960,0x002,steering_angle_deg,-39.47,1
11.3980,0x002,steering_angle_deg,115.88,1
11.4000,0x002,steering_angle_deg,-13.62,1
11.4000,0x050,brake_pressure_bar,2.85,0
11.4000,0x100,speed_kmph,79.33,0
11.4020,0x002,steering_angle_deg,177.42,1
11.4040,0x002,steering_angle_deg,-65.20,1
11.4060,0x002,steering_angle_deg,109.89,1
11.4080,0x002,steering_angle_deg,27.16,1
11.4100,0x002,steering_angle_deg,-39.62,1
11.4120,0x002,steering_angle_deg,131.97,1
11.4140,0x002,steering_angle_deg,165.14,1
11.4160,0x002,steering_angle_deg,42.80,1
11.4180,0x002,steering_angle_deg,-157.10,1
11.4200,0x002,steering_angle_deg,4.73,1
11.4220,0x002,steering_angle_deg,-156.69,1
11.4240,0x002,steering_angle_deg,156.24,1
11.4260,0x002,steering_angle_deg,-114.98,1
11.4280,0x002,steering_angle_deg,23.28,1
11.4300,0x002,steering_angle_deg,-114.30,1
11.4320,0x002,steering_angle_deg,123.02,1
11.4340,0x002,steering_angle_deg,130.50,1
11.4360,0x002,steering_angle_deg,-165.48,1
11.4380,0x002,steering_angle_deg,137.74,1
11.4400,0x002,steering_angle_deg,-28.14,1
11.4420,0x002,steering_angle_deg,35.48,1
11.4440,0x002,steering_angle_deg,133.85,1
11.4460,0x002,steering_angle_deg,76.59,1
11.4480,0x002,steering_angle_deg,127.01,1
11.4500,0x002,steering_angle_deg,-159.81,1
11.4520,0x002,steering_angle_deg,-60.22,1
11.4540,0x002,steering_angle_deg,-106.95,1
11.4560,0x002,steering_angle_deg,-140.25,1
11.4580,0x002,steering_angle_deg,148.64,1
11.4600,0x002,steering_angle_deg,-178.96,1
11.4620,0x002,steering_angle_deg,-161.50,1
11.4640,0x002,steering_angle_deg,152.90,1
11.4660,0x002,steering_angle_deg,-163.25,1
11.4680,0x002,steering_angle_deg,-92.22,1
11.4700,0x002,steering_angle_deg,38.62,1
11.4720,0x002,steering_angle_deg,-166.53,1
11.4740,0x002,steering_angle_deg,-147.08,1
11.4760,0x002,steering_angle_deg,163.25,1
11.4780,0x002,steering_angle_deg,-143.50,1
11.4800,0x002,steering_angle_deg,-21.65,1
11.4820,0x002,steering_angle_deg,-59.76,1
11.4840,0x002,steering_angle_deg,161.78,1
11.4860,0x002,steering_angle_deg,154.88,1
11.4880,0x002,steering_angle_deg,102.83,1
11.4900,0x002,steering_angle_deg,-7.60,1
11.4920,0x002,steering_angle_deg,6.88,1
11.4940,0x002,steering_angle_deg,142.22,1
11.4960,0x002,steering_angle_deg,46.18,1
11.4980,0x002,steering_angle_deg,-3.34,1
11.5000,0x002,steering_angle_deg,45.39,1
11.5000,0x050,brake_pressure_bar,2.84,0
11.5000,0x100,speed_kmph,80.61,0
11.5020,0x002,steering_angle_deg,44.06,1
11.5040,0x002,steering_angle_deg,165.86,1
11.5060,0x002,steering_angle_deg,-38.55,1
11.5080,0x002,steering_angle_deg,-157.54,1
11.5100,0x002,steering_angle_deg,-176.46,1
11.5120,0x002,steering_angle_deg,159.47,1
11.5140,0x002,steering_angle_deg,91.86,1
11.5160,0x002,steering_angle_deg,-174.45,1
11.5180,0x002,steering_angle_deg,-117.39,1
11.5200,0x002,steering_angle_deg,67.29,1
11.5220,0x002,steering_angle_deg,90.11,1
11.5240,0x002,steering_angle_deg,118.57,1
11.5260,0x002,steering_angle_deg,45.53,1
11.5280,0x002,steering_angle_deg,-125.40,1
11.5300,0x002,steering_angle_deg,110.50,1
11.5320,0x002,steering_angle_deg,15.04,1
11.5340,0x002,steering_angle_deg,70.56,1
11.5360,0x002,steering_angle_deg,-34.34,1
11.5380,0x002,steering_angle_deg,-72.76,1
11.5400,0x002,steering_angle_deg,42.07,1
11.5420,0x002,steering_angle_deg,-87.52,1
11.5440,0x002,steering_angle_deg,-43.46,1
11.5460,0x002,steering_angle_deg,-13.71,1
11.5480,0x002,steering_angle_deg,-179.62,1
11.5500,0x002,steering_angle_deg,-128.72,1
11.5520,0x002,steering_angle_deg,166.78,1
11.5540,0x002,steering_angle_deg,-1.95,1
11.5560,0x002,steering_angle_deg,95.36,1
11.5580,0x002,steering_angle_deg,-55.17,1
11.5600,0x002,steering_angle_deg,-155.84,1
11.5620,0x002,steering_angle_deg,-120.99,1
11.5640,0x002,steering_angle_deg,103.05,1
11.5660,0x002,steering_angle_deg,173.09,1
11.5680,0x002,steering_angle_deg,-16.53,1
11.5700,0x002,steering_angle_deg,156.01,1
11.5720,0x002,steering_angle_deg,-13.39,1
11.5740,0x002,steering_angle_deg,154.89,1
11.5760,0x002,steering_angle_deg,-177.54,1
11.5780,0x002,steering_angle_deg,-81.02,1
11.5800,0x002,steering_angle_deg,-134.04,1
11.5820,0x002,steering_angle_deg,41.00,1
11.5840,0x002,steering_angle_deg,50.03,1
11.5860,0x002,steering_angle_deg,48.20,1
11.5880,0x002,steering_angle_deg,90.88,1
11.5900,0x002,steering_angle_deg,144.03,1
11.5920,0x002,steering_angle_deg,-83.28,1
11.5940,0x002,steering_angle_deg,73.52,1
11.5960,0x002,steering_angle_deg,-177.09,1
11.5980,0x002,steering_angle_deg,-47.91,1
11.6000,0x002,steering_angle_deg,-58.13,1
11.6000,0x050,brake_pressure_bar,0.84,0
11.6000,0x100,speed_kmph,79.81,0
11.6020,0x002,steering_angle_deg,-102.73,1
11.6040,0x002,steering_angle_deg,-138.15,1
11.6060,0x002,steering_angle_deg,78.31,1
11.6080,0x002,steering_angle_deg,-130.02,1
11.6100,0x002,steering_angle_deg,144.04,1
11.6120,0x002,steering_angle_deg,41.44,1
11.6140,0x002,steering_angle_deg,163.13,1
11.6160,0x002,steering_angle_deg,-171.73,1
11.6180,0x002,steering_angle_deg,52.52,1
11.6200,0x002,steering_angle_deg,-49.26,1
11.6220,0x002,steering_angle_deg,-31.94,1
11.6240,0x002,steering_angle_deg,136.78,1
11.6260,0x002,steering_angle_deg,-115.71,1
11.6280,0x002,steering_angle_deg,16.30,1
11.6300,0x002,steering_angle_deg,179.20,1
11.6320,0x002,steering_angle_deg,68.52,1
11.6340,0x002,steering_angle_deg,-150.83,1
11.6360,0x002,steering_angle_deg,-44.09,1
11.6380,0x002,steering_angle_deg,129.41,1
11.6400,0x002,steering_angle_deg,-18.67,1
11.6420,0x002,steering_angle_deg,-60.34,1
11.6440,0x002,steering_angle_deg,-156.24,1
11.6460,0x002,steering_angle_deg,15.01,1
11.6480,0x002,steering_angle_deg,59.13,1
11.6500,0x002,steering_angle_deg,-49.10,1
11.6520,0x002,steering_angle_deg,-35.37,1
11.6540,0x002,steering_angle_deg,107.17,1
11.6560,0x002,steering_angle_deg,-136.29,1
11.6580,0x002,steering_angle_deg,65.86,1
11.6600,0x002,steering_angle_deg,-48.79,1
11.6620,0x002,steering_angle_deg,52.36,1
11.6640,0x002,steering_angle_deg,-93.91,1
11.6660,0x002,steering_angle_deg,54.30,1
11.6680,0x002,steering_angle_deg,-9.98,1
11.6700,0x002,steering_angle_deg,-66.04,1
11.6720,0x002,steering_angle_deg,167.44,1
11.6740,0x002,steering_angle_deg,145.47,1
11.6760,0x002,steering_angle_deg,-79.06,1
11.6780,0x002,steering_angle_deg,45.35,1
11.6800,0x002,steering_angle_deg,-169.29,1
11.6820,0x002,steering_angle_deg,-173.37,1
11.6840,0x002,steering_angle_deg,-136.69,1
11.6860,0x002,steering_angle_deg,110.19,1
11.6880,0x002,steering_angle_deg,172.37,1
11.6900,0x002,steering_angle_deg,-63.17,1
11.6920,0x002,steering_angle_deg,29.98,1
11.6940,0x002,steering_angle_deg,117.05,1
11.6960,0x002,steering_angle_deg,-123.27,1
11.6980,0x002,steering_angle_deg,106.19,1
11.7000,0x002,steering_angle_deg,-17.62,1
11.7000,0x050,brake_pressure_bar,0.42,0
11.7000,0x100,speed_kmph,79.30,0
11.7020,0x002,steering_angle_deg,70.38,1
11.7040,0x002,steering_angle_deg,69.44,1
11.7060,0x002,steering_angle_deg,115.56,1
11.7080,0x002,steering_angle_deg,-3.39,1
11.7100,0x002,steering_angle_deg,-98.77,1
11.7120,0x002,steering_angle_deg,-104.82,1
11.7140,0x002,steering_angle_deg,-179.51,1
11.7160,0x002,steering_angle_deg,-147.04,1
11.7180,0x002,steering_angle_deg,-132.99,1
11.7200,0x002,steering_angle_deg,-156.32,1
11.7220,0x002,steering_angle_deg,-113.44,1
11.7240,0x002,steering_angle_deg,27.02,1
11.7260,0x002,steering_angle_deg,-139.42,1
11.7280,0x002,steering_angle_deg,94.19,1
11.7300,0x002,steering_angle_deg,-94.96,1
11.7320,0x002,steering_angle_deg,81.03,1
11.7340,0x002,steering_angle_deg,-53.37,1
11.7360,0x002,steering_angle_deg,-29.25,1
11.7380,0x002,steering_angle_deg,44.98,1
11.7400,0x002,steering_angle_deg,173.73,1
11.7420,0x002,steering_angle_deg,-148.01,1
11.7440,0x002,steering_angle_deg,-22.58,1
11.7460,0x002,steering_angle_deg,-37.83,1
11.7480,0x002,steering_angle_deg,-83.98,1
11.7500,0x002,steering_angle_deg,-33.95,1
11.7520,0x002,steering_angle_deg,-59.95,1
11.7540,0x002,steering_angle_deg,-111.94,1
11.7560,0x002,steering_angle_deg,14.71,1
11.7580,0x002,steering_angle_deg,14.33,1
11.7600,0x002,steering_angle_deg,78.89,1
11.7620,0x002,steering_angle_deg,-73.97,1
11.7640,0x002,steering_angle_deg,-42.23,1
11.7660,0x002,steering_angle_deg,-150.73,1
11.7680,0x002,steering_angle_deg,-55.85,1
11.7700,0x002,steering_angle_deg,-79.04,1
11.7720,0x002,steering_angle_deg,-105.12,1
11.7740,0x002,steering_angle_deg,157.97,1
11.7760,0x002,steering_angle_deg,-122.22,1
11.7780,0x002,steering_angle_deg,-143.52,1
11.7800,0x002,steering_angle_deg,-136.37,1
11.7820,0x002,steering_angle_deg,-146.62,1
11.7840,0x002,steering_angle_deg,-126.18,1
11.7860,0x002,steering_angle_deg,155.87,1
11.7880,0x002,steering_angle_deg,-121.80,1
11.7900,0x002,steering_angle_deg,-44.63,1
11.7920,0x002,steering_angle_deg,-9.01,1
11.7940,0x002,steering_angle_deg,-72.04,1
11.7960,0x002,steering_angle_deg,-171.90,1
11.7980,0x002,steering_angle_deg,19.44,1
11.8000,0x002,steering_angle_deg,66.25,1
11.8000,0x050,brake_pressure_bar,1.38,0
11.8000,0x100,speed_kmph,80.38,0
11.8020,0x002,steering_angle_deg,138.53,1
11.8040,0x002,steering_angle_deg,-142.31,1
11.8060,0x002,steering_angle_deg,177.89,1
11.8080,0x002,steering_angle_deg,49.96,1
11.8100,0x002,steering_angle_deg,-70.33,1
11.8120,0x002,steering_angle_deg,4.98,1
11.8140,0x002,steering_angle_deg,111.47,1
11.8160,0x002,steering_angle_deg,-165.04,1
11.8180,0x002,steering_angle_deg,-88.48,1
11.8200,0x002,steering_angle_deg,63.63,1
11.8220,0x002,steering_angle_deg,-2.74,1
11.8240,0x002,steering_angle_deg,-56.06,1
11.8260,0x002,steering_angle_deg,-111.26,1
11.8280,0x002,steering_angle_deg,39.16,1
11.8300,0x002,steering_angle_deg,-48.40,1
11.8320,0x002,steering_angle_deg,1.21,1
11.8340,0x002,steering_angle_deg,-119.85,1
11.8360,0x002,steering_angle_deg,-71.15,1
11.8380,0x002,steering_angle_deg,109.34,1
11.8400,0x002,steering_angle_deg,-171.39,1
11.8420,0x002,steering_angle_deg,15.11,1
11.8440,0x002,steering_angle_deg,-134.72,1
11.8460,0x002,steering_angle_deg,-74.50,1
11.8480,0x002,steering_angle_deg,129.68,1
11.8500,0x002,steering_angle_deg,-4.53,1
11.8520,0x002,steering_angle_deg,-75.93,1
11.8540,0x002,steering_angle_deg,30.80,1
11.8560,0x002,steering_angle_deg,-46.77,1
11.8580,0x002,steering_angle_deg,-8.07,1
11.8600,0x002,steering_angle_deg,120.15,1
11.8620,0x002,steering_angle_deg,-22.57,1
11.8640,0x002,steering_angle_deg,-104.98,1
11.8660,0x002,steering_angle_deg,-17.44,1
11.8680,0x002,steering_angle_deg,38.64,1
11.8700,0x002,steering_angle_deg,70.39,1
11.8720,0x002,steering_angle_deg,80.43,1
11.8740,0x002,steering_angle_deg,53.43,1
11.8760,0x002,steering_angle_deg,-175.28,1
11.8780,0x002,steering_angle_deg,-14.34,1
11.8800,0x002,steering_angle_deg,34.17,1
11.8820,0x002,steering_angle_deg,-103.92,1
11.8840,0x002,steering_angle_deg,85.08,1
11.8860,0x002,steering_angle_deg,-67.68,1
11.8880,0x002,steering_angle_deg,116.41,1
11.8900,0x002,steering_angle_deg,10.44,1
11.8920,0x002,steering_angle_deg,4.82,1
11.8940,0x002,steering_angle_deg,157.09,1
11.8960,0x002,steering_angle_deg,-104.79,1
11.8980,0x002,steering_angle_deg,161.84,1
11.9000,0x002,steering_angle_deg,145.94,1
11.9000,0x050,brake_pressure_bar,0.72,0
11.9000,0x100,speed_kmph,79.80,0
11.9020,0x002,steering_angle_deg,137.87,1
11.9040,0x002,steering_angle_deg,145.18,1
11.9060,0x002,steering_angle_deg,99.99,1
11.9080,0x002,steering_angle_deg,-176.01,1
11.9100,0x002,steering_angle_deg,90.29,1
11.9120,0x002,steering_angle_deg,-70.23,1
11.9140,0x002,steering_angle_deg,-103.72,1
11.9160,0x002,steering_angle_deg,95.05,1
11.9180,0x002,steering_angle_deg,11.24,1
11.9200,0x002,steering_angle_deg,147.41,1
11.9220,0x002,steering_angle_deg,-173.50,1
11.9240,0x002,steering_angle_deg,-110.13,1
11.9260,0x002,steering_angle_deg,173.65,1
11.9280,0x002,steering_angle_deg,65.15,1
11.9300,0x002,steering_angle_deg,123.13,1
11.9320,0x002,steering_angle_deg,-14.79,1
11.9340,0x002,steering_angle_deg,-82.99,1
11.9360,0x002,steering_angle_deg,71.89,1
11.9380,0x002,steering_angle_deg,-113.59,1
11.9400,0x002,steering_angle_deg,175.94,1
11.9420,0x002,steering_angle_deg,45.16,1
11.9440,0x002,steering_angle_deg,-100.07,1
11.9460,0x002,steering_angle_deg,81.18,1
11.9480,0x002,steering_angle_deg,14.89,1
11.9500,0x002,steering_angle_deg,85.26,1
11.9520,0x002,steering_angle_deg,55.56,1
11.9540,0x002,steering_angle_deg,116.69,1
11.9560,0x002,steering_angle_deg,-71.82,1
11.9580,0x002,steering_angle_deg,-106.29,1
11.9600,0x002,steering_angle_deg,34.11,1
11.9620,0x002,steering_angle_deg,-173.71,1
11.9640,0x002,steering_angle_deg,-74.84,1
11.9660,0x002,steering_angle_deg,14.98,1
11.9680,0x002,steering_angle_deg,6.15,1
11.9700,0x002,steering_angle_deg,-132.69,1
11.9720,0x002,steering_angle_deg,-49.07,1
11.9740,0x002,steering_angle_deg,39.06,1
11.9760,0x002,steering_angle_deg,-172.89,1
11.9780,0x002,steering_angle_deg,161.99,1
11.9800,0x002,steering_angle_deg,-80.25,1
11.9820,0x002,steering_angle_deg,-152.84,1
11.9840,0x002,steering_angle_deg,-146.09,1
11.9860,0x002,steering_angle_deg,-78.97,1
11.9880,0x002,steering_angle_deg,-129.98,1
11.9900,0x002,steering_angle_deg,-36.53,1
11.9920,0x002,steering_angle_deg,-55.57,1
11.9940,0x002,steering_angle_deg,170.95,1
11.9960,0x002,steering_angle_deg,-49.40,1
11.9980,0x002,steering_angle_deg,-165.81,1
12.0000,0x002,steering_angle_deg,148.69,1
12.0000,0x050,brake_pressure_bar,2.52,0
12.0000,0x100,speed_kmph,79.66,0
12.0020,0x002,steering_angle_deg,57.90,1
12.0040,0x002,steering_angle_deg,-104.39,1
12.0060,0x002,steering_angle_deg,-134.42,1
12.0080,0x002,steering_angle_deg,-101.02,1
12.0100,0x002,steering_angle_deg,-58.45,1
12.0120,0x002,steering_angle_deg,142.23,1
12.0140,0x002,steering_angle_deg,-37.26,1
12.0160,0x002,steering_angle_deg,-77.64,1
12.0180,0x002,steering_angle_deg,-131.55,1
12.0200,0x002,steering_angle_deg,-68.88,1
12.0220,0x002,steering_angle_deg,-51.01,1
12.0240,0x002,steering_angle_deg,-62.61,1
12.0260,0x002,steering_angle_deg,-163.04,1
12.0280,0x002,steering_angle_deg,-49.08,1
12.0300,0x002,steering_angle_deg,129.68,1
12.0320,0x002,steering_angle_deg,-22.79,1
12.0340,0x002,steering_angle_deg,-15.31,1
12.0360,0x002,steering_angle_deg,175.41,1
12.0380,0x002,steering_angle_deg,159.15,1
12.0400,0x002,steering_angle_deg,94.52,1
12.0420,0x002,steering_angle_deg,-104.72,1
12.0440,0x002,steering_angle_deg,162.32,1
12.0460,0x002,steering_angle_deg,18.61,1
12.0480,0x002,steering_angle_deg,-79.55,1
12.0500,0x002,steering_angle_deg,133.68,1
12.0520,0x002,steering_angle_deg,110.30,1
12.0540,0x002,steering_angle_deg,145.36,1
12.0560,0x002,steering_angle_deg,-168.05,1
12.0580,0x002,steering_angle_deg,3.11,1
12.0600,0x002,steering_angle_deg,171.59,1
12.0620,0x002,steering_angle_deg,26.06,1
12.0640,0x002,steering_angle_deg,86.90,1
12.0660,0x002,steering_angle_deg,131.98,1
12.0680,0x002,steering_angle_deg,108.80,1
12.0700,0x002,steering_angle_deg,88.98,1
12.0720,0x002,steering_angle_deg,132.65,1
12.0740,0x002,steering_angle_deg,4.23,1
12.0760,0x002,steering_angle_deg,-175.00,1
12.0780,0x002,steering_angle_deg,156.70,1
12.0800,0x002,steering_angle_deg,-129.54,1
12.0820,0x002,steering_angle_deg,98.35,1
12.0840,0x002,steering_angle_deg,-30.31,1
12.0860,0x002,steering_angle_deg,-70.47,1
12.0880,0x002,steering_angle_deg,-152.66,1
12.0900,0x002,steering_angle_deg,145.11,1
12.0920,0x002,steering_angle_deg,64.44,1
12.0940,0x002,steering_angle_deg,105.96,1
12.0960,0x002,steering_angle_deg,78.29,1
12.0980,0x002,steering_angle_deg,-19.89,1
12.1000,0x002,steering_angle_deg,-67.32,1
12.1000,0x050,brake_pressure_bar,4.80,0
12.1000,0x100,speed_kmph,80.38,0
12.1020,0x002,steering_angle_deg,-53.83,1
12.1040,0x002,steering_angle_deg,-2.70,1
12.1060,0x002,steering_angle_deg,155.37,1
12.1080,0x002,steering_angle_deg,-67.01,1
12.1100,0x002,steering_angle_deg,-126.78,1
12.1120,0x002,steering_angle_deg,-102.26,1
12.1140,0x002,steering_angle_deg,-66.21,1
12.1160,0x002,steering_angle_deg,-32.70,1
12.1180,0x002,steering_angle_deg,77.39,1
12.1200,0x002,steering_angle_deg,-105.98,1
12.1220,0x002,steering_angle_deg,146.95,1
12.1240,0x002,steering_angle_deg,-30.50,1
12.1260,0x002,steering_angle_deg,-45.38,1
12.1280,0x002,steering_angle_deg,-6.77,1
12.1300,0x002,steering_angle_deg,33.26,1
12.1320,0x002,steering_angle_deg,173.72,1
12.1340,0x002,steering_angle_deg,-175.35,1
12.1360,0x002,steering_angle_deg,12.03,1
12.1380,0x002,steering_angle_deg,54.94,1
12.1400,0x002,steering_angle_deg,-128.18,1
12.1420,0x002,steering_angle_deg,133.62,1
12.1440,0x002,steering_angle_deg,-109.93,1
12.1460,0x002,steering_angle_deg,-121.19,1
12.1480,0x002,steering_angle_deg,-167.66,1
12.1500,0x002,steering_angle_deg,122.89,1
12.1520,0x002,steering_angle_deg,9.84,1
12.1540,0x002,steering_angle_deg,-149.97,1
12.1560,0x002,steering_angle_deg,60.96,1
12.1580,0x002,steering_angle_deg,-51.78,1
12.1600,0x002,steering_angle_deg,-136.85,1
12.1620,0x002,steering_angle_deg,49.49,1
12.1640,0x002,steering_angle_deg,-177.92,1
12.1660,0x002,steering_angle_deg,120.92,1
12.1680,0x002,steering_angle_deg,104.67,1
12.1700,0x002,steering_angle_deg,-134.34,1
12.1720,0x002,steering_angle_deg,-3.55,1
12.1740,0x002,steering_angle_deg,-163.04,1
12.1760,0x002,steering_angle_deg,-34.73,1
12.1780,0x002,steering_angle_deg,-87.75,1
12.1800,0x002,steering_angle_deg,-75.57,1
12.1820,0x002,steering_angle_deg,20.70,1
12.1840,0x002,steering_angle_deg,-75.16,1
12.1860,0x002,steering_angle_deg,113.81,1
12.1880,0x002,steering_angle_deg,62.68,1
12.1900,0x002,steering_angle_deg,-58.16,1
12.1920,0x002,steering_angle_deg,17.00,1
12.1940,0x002,steering_angle_deg,-80.51,1
12.1960,0x002,steering_angle_deg,-79.55,1
12.1980,0x002,steering_angle_deg,-61.78,1
12.2000,0x002,steering_angle_deg,124.22,1
12.2000,0x050,brake_pressure_bar,0.12,0
12.2000,0x100,speed_kmph,80.34,0
12.2020,0x002,steering_angle_deg,-118.56,1
12.2040,0x002,steering_angle_deg,-74.53,1
12.2060,0x002,steering_angle_deg,102.40,1
12.2080,0x002,steering_angle_deg,25.30,1
12.2100,0x002,steering_angle_deg,50.24,1
12.2120,0x002,steering_angle_deg,108.63,1
12.2140,0x002,steering_angle_deg,-89.05,1
12.2160,0x002,steering_angle_deg,39.13,1
12.2180,0x002,steering_angle_deg,56.62,1
12.2200,0x002,steering_angle_deg,-55.45,1
12.2220,0x002,steering_angle_deg,107.86,1
12.2240,0x002,steering_angle_deg,-47.39,1
12.2260,0x002,steering_angle_deg,174.11,1
12.2280,0x002,steering_angle_deg,-96.26,1
12.2300,0x002,steering_angle_deg,-122.30,1
12.2320,0x002,steering_angle_deg,8.20,1
12.2340,0x002,steering_angle_deg,173.84,1
12.2360,0x002,steering_angle_deg,66.37,1
12.2380,0x002,steering_angle_deg,-112.67,1
12.2400,0x002,steering_angle_deg,63.00,1
12.2420,0x002,steering_angle_deg,117.53,1
12.2440,0x002,steering_angle_deg,166.77,1
12.2460,0x002,steering_angle_deg,-138.45,1
12.2480,0x002,steering_angle_deg,-79.31,1
12.2500,0x002,steering_angle_deg,-120.67,1
12.2520,0x002,steering_angle_deg,13.28,1
12.2540,0x002,steering_angle_deg,-82.46,1
12.2560,0x002,steering_angle_deg,-42.37,1
12.2580,0x002,steering_angle_deg,-113.59,1
12.2600,0x002,steering_angle_deg,-22.87,1
12.2620,0x002,steering_angle_deg,-144.09,1
12.2640,0x002,steering_angle_deg,-149.32,1
12.2660,0x002,steering_angle_deg,100.29,1
12.2680,0x002,steering_angle_deg,-49.45,1
12.2700,0x002,steering_angle_deg,19.08,1
12.2720,0x002,steering_angle_deg,41.22,1
12.2740,0x002,steering_angle_deg,83.00,1
12.2760,0x002,steering_angle_deg,175.78,1
12.2780,0x002,steering_angle_deg,107.49,1
12.2800,0x002,steering_angle_deg,44.95,1
12.2820,0x002,steering_angle_deg,176.74,1
12.2840,0x002,steering_angle_deg,-31.89,1
12.2860,0x002,steering_angle_deg,-19.75,1
12.2880,0x002,steering_angle_deg,136.65,1
12.2900,0x002,steering_angle_deg,-93.86,1
12.2920,0x002,steering_angle_deg,109.78,1
12.2940,0x002,steering_angle_deg,116.08,1
12.2960,0x002,steering_angle_deg,-84.17,1
12.2980,0x002,steering_angle_deg,122.33,1
12.3000,0x002,steering_angle_deg,178.98,1
12.3000,0x050,brake_pressure_bar,4.58,0
12.3000,0x100,speed_kmph,79.18,0
12.3020,0x002,steering_angle_deg,80.16,1
12.3040,0x002,steering_angle_deg,145.54,1
12.3060,0x002,steering_angle_deg,-36.11,1
12.3080,0x002,steering_angle_deg,-22.90,1
12.3100,0x002,steering_angle_deg,-133.99,1
12.3120,0x002,steering_angle_deg,113.23,1
12.3140,0x002,steering_angle_deg,-62.61,1
12.3160,0x002,steering_angle_deg,-159.51,1
12.3180,0x002,steering_angle_deg,94.41,1
12.3200,0x002,steering_angle_deg,-42.65,1
12.3220,0x002,steering_angle_deg,-18.07,1
12.3240,0x002,steering_angle_deg,-32.48,1
12.3260,0x002,steering_angle_deg,39.42,1
12.3280,0x002,steering_angle_deg,-9.12,1
12.3300,0x002,steering_angle_deg,85.02,1
12.3320,0x002,steering_angle_deg,-75.39,1
12.3340,0x002,steering_angle_deg,73.17,1
12.3360,0x002,steering_angle_deg,-52.89,1
12.3380,0x002,steering_angle_deg,47.89,1
12.3400,0x002,steering_angle_deg,-63.97,1
12.3420,0x002,steering_angle_deg,-160.09,1
12.3440,0x002,steering_angle_deg,-129.19,1
12.3460,0x002,steering_angle_deg,94.90,1
12.3480,0x002,steering_angle_deg,-69.39,1
12.3500,0x002,steering_angle_deg,93.04,1
12.3520,0x002,steering_angle_deg,-66.07,1
12.3540,0x002,steering_angle_deg,65.54,1
12.3560,0x002,steering_angle_deg,-24.99,1
12.3580,0x002,steering_angle_deg,152.49,1
12.3600,0x002,steering_angle_deg,-13.33,1
12.3620,0x002,steering_angle_deg,-106.14,1
12.3640,0x002,steering_angle_deg,-23.13,1
12.3660,0x002,steering_angle_deg,9.45,1
12.3680,0x002,steering_angle_deg,-116.50,1
12.3700,0x002,steering_angle_deg,68.45,1
12.3720,0x002,steering_angle_deg,92.84,1
12.3740,0x002,steering_angle_deg,63.37,1
12.3760,0x002,steering_angle_deg,-175.13,1
12.3780,0x002,steering_angle_deg,164.67,1
12.3800,0x002,steering_angle_deg,-129.96,1
12.3820,0x002,steering_angle_deg,-10.68,1
12.3840,0x002,steering_angle_deg,-89.84,1
12.3860,0x002,steering_angle_deg,-137.52,1
12.3880,0x002,steering_angle_deg,157.54,1
12.3900,0x002,steering_angle_deg,-131.86,1
12.3920,0x002,steering_angle_deg,-41.90,1
12.3940,0x002,steering_angle_deg,-133.05,1
12.3960,0x002,steering_angle_deg,-175.59,1
12.3980,0x002,steering_angle_deg,90.03,1
12.4000,0x002,steering_angle_deg,-101.72,1
12.4000,0x050,brake_pressure_bar,4.29,0
12.4000,0x100,speed_kmph,79.98,0
12.4020,0x002,steering_angle_deg,124.59,1
12.4040,0x002,steering_angle_deg,38.54,1
12.4060,0x002,steering_angle_deg,-53.16,1
12.4080,0x002,steering_angle_deg,-64.20,1
12.4100,0x002,steering_angle_deg,70.28,1
12.4120,0x002,steering_angle_deg,-155.59,1
12.4140,0x002,steering_angle_deg,-115.44,1
12.4160,0x002,steering_angle_deg,-30.29,1
12.4180,0x002,steering_angle_deg,-85.50,1
12.4200,0x002,steering_angle_deg,-39.73,1
12.4220,0x002,steering_angle_deg,-98.07,1
12.4240,0x002,steering_angle_deg,7.99,1
12.4260,0x002,steering_angle_deg,-65.44,1
12.4280,0x002,steering_angle_deg,104.79,1
12.4300,0x002,steering_angle_deg,-167.37,1
12.4320,0x002,steering_angle_deg,-59.44,1
12.4340,0x002,steering_angle_deg,32.02,1
12.4360,0x002,steering_angle_deg,109.80,1
12.4380,0x002,steering_angle_deg,60.12,1
12.4400,0x002,steering_angle_deg,-153.13,1
12.4420,0x002,steering_angle_deg,-116.14,1
12.4440,0x002,steering_angle_deg,35.85,1
12.4460,0x002,steering_angle_deg,-12.17,1
12.4480,0x002,steering_angle_deg,45.45,1
12.4500,0x002,steering_angle_deg,81.89,1
12.4520,0x002,steering_angle_deg,-35.16,1
12.4540,0x002,steering_angle_deg,154.78,1
12.4560,0x002,steering_angle_deg,-7.96,1
12.4580,0x002,steering_angle_deg,-163.15,1
12.4600,0x002,steering_angle_deg,40.89,1
12.4620,0x002,steering_angle_deg,-172.20,1
12.4640,0x002,steering_angle_deg,-12.78,1
12.4660,0x002,steering_angle_deg,100.12,1
12.4680,0x002,steering_angle_deg,147.15,1
12.4700,0x002,steering_angle_deg,-161.04,1
12.4720,0x002,steering_angle_deg,95.40,1
12.4740,0x002,steering_angle_deg,-144.64,1
12.4760,0x002,steering_angle_deg,-104.06,1
12.4780,0x002,steering_angle_deg,-83.05,1
12.4800,0x002,steering_angle_deg,149.31,1
12.4820,0x002,steering_angle_deg,44.52,1
12.4840,0x002,steering_angle_deg,49.38,1
12.4860,0x002,steering_angle_deg,-6.73,1
12.4880,0x002,steering_angle_deg,123.62,1
12.4900,0x002,steering_angle_deg,46.93,1
12.4920,0x002,steering_angle_deg,39.32,1
12.4940,0x002,steering_angle_deg,37.41,1
12.4960,0x002,steering_angle_deg,89.62,1
12.4980,0x002,steering_angle_deg,1.77,1
12.5000,0x002,steering_angle_deg,-65.05,1
12.5000,0x050,brake_pressure_bar,0.90,0
12.5000,0x100,speed_kmph,80.41,0
12.5020,0x002,steering_angle_deg,23.91,1
12.5040,0x002,steering_angle_deg,-40.19,1
12.5060,0x002,steering_angle_deg,56.51,1
12.5080,0x002,steering_angle_deg,16.59,1
12.5100,0x002,steering_angle_deg,147.62,1
12.5120,0x002,steering_angle_deg,-105.40,1
12.5140,0x002,steering_angle_deg,-0.24,1
12.5160,0x002,steering_angle_deg,132.18,1
12.5180,0x002,steering_angle_deg,53.32,1
12.5200,0x002,steering_angle_deg,-16.33,1
12.5220,0x002,steering_angle_deg,-99.38,1
12.5240,0x002,steering_angle_deg,-140.25,1
12.5260,0x002,steering_angle_deg,-161.50,1
12.5280,0x002,steering_angle_deg,140.11,1
12.5300,0x002,steering_angle_deg,2.86,1
12.5320,0x002,steering_angle_deg,-63.35,1
12.5340,0x002,steering_angle_deg,-131.56,1
12.5360,0x002,steering_angle_deg,-16.22,1
12.5380,0x002,steering_angle_deg,160.12,1
12.5400,0x002,steering_angle_deg,-81.84,1
12.5420,0x002,steering_angle_deg,-179.29,1
12.5440,0x002,steering_angle_deg,-93.02,1
12.5460,0x002,steering_angle_deg,36.56,1
12.5480,0x002,steering_angle_deg,-62.53,1
12.5500,0x002,steering_angle_deg,177.94,1
12.5520,0x002,steering_angle_deg,71.85,1
12.5540,0x002,steering_angle_deg,173.89,1
12.5560,0x002,steering_angle_deg,50.93,1
12.5580,0x002,steering_angle_deg,56.14,1
12.5600,0x002,steering_angle_deg,-55.78,1
12.5620,0x002,steering_angle_deg,49.23,1
12.5640,0x002,steering_angle_deg,-179.10,1
12.5660,0x002,steering_angle_deg,76.48,1
12.5680,0x002,steering_angle_deg,83.82,1
12.5700,0x002,steering_angle_deg,66.45,1
12.5720,0x002,steering_angle_deg,117.55,1
12.5740,0x002,steering_angle_deg,-129.07,1
12.5760,0x002,steering_angle_deg,-161.50,1
12.5780,0x002,steering_angle_deg,-127.07,1
12.5800,0x002,steering_angle_deg,-84.61,1
12.5820,0x002,steering_angle_deg,68.90,1
12.5840,0x002,steering_angle_deg,106.73,1
12.5860,0x002,steering_angle_deg,12.61,1
12.5880,0x002,steering_angle_deg,-154.52,1
12.5900,0x002,steering_angle_deg,-5.15,1
12.5920,0x002,steering_angle_deg,161.53,1
12.5940,0x002,steering_angle_deg,88.48,1
12.5960,0x002,steering_angle_deg,-46.19,1
12.5980,0x002,steering_angle_deg,71.74,1
12.6000,0x002,steering_angle_deg,111.70,1
12.6000,0x050,brake_pressure_bar,4.83,0
12.6000,0x100,speed_kmph,80.46,0
12.6020,0x002,steering_angle_deg,-97.90,1
12.6040,0x002,steering_angle_deg,145.67,1
12.6060,0x002,steering_angle_deg,23.07,1
12.6080,0x002,steering_angle_deg,-164.31,1
12.6100,0x002,steering_angle_deg,-12.40,1
12.6120,0x002,steering_angle_deg,-171.03,1
12.6140,0x002,steering_angle_deg,105.52,1
12.6160,0x002,steering_angle_deg,-37.03,1
12.6180,0x002,steering_angle_deg,-163.04,1
12.6200,0x002,steering_angle_deg,0.72,1
12.6220,0x002,steering_angle_deg,-6.10,1
12.6240,0x002,steering_angle_deg,-96.60,1
12.6260,0x002,steering_angle_deg,-145.95,1
12.6280,0x002,steering_angle_deg,40.35,1
12.6300,0x002,steering_angle_deg,-0.93,1
12.6320,0x002,steering_angle_deg,63.00,1
12.6340,0x002,steering_angle_deg,-26.27,1
12.6360,0x002,steering_angle_deg,145.00,1
12.6380,0x002,steering_angle_deg,-131.08,1
12.6400,0x002,steering_angle_deg,-31.12,1
12.6420,0x002,steering_angle_deg,50.52,1
12.6440,0x002,steering_angle_deg,-11.84,1
12.6460,0x002,steering_angle_deg,142.20,1
12.6480,0x002,steering_angle_deg,-103.60,1
12.6500,0x002,steering_angle_deg,-156.76,1
12.6520,0x002,steering_angle_deg,-163.63,1
12.6540,0x002,steering_angle_deg,62.90,1
12.6560,0x002,steering_angle_deg,-7.42,1
12.6580,0x002,steering_angle_deg,-116.78,1
12.6600,0x002,steering_angle_deg,-65.32,1
12.6620,0x002,steering_angle_deg,127.43,1
12.6640,0x002,steering_angle_deg,-118.25,1
12.6660,0x002,steering_angle_deg,-100.25,1
12.6680,0x002,steering_angle_deg,-138.81,1
12.6700,0x002,steering_angle_deg,-123.57,1
12.6720,0x002,steering_angle_deg,-16.14,1
12.6740,0x002,steering_angle_deg,-139.01,1
12.6760,0x002,steering_angle_deg,-69.60,1
12.6780,0x002,steering_angle_deg,-46.23,1
12.6800,0x002,steering_angle_deg,136.69,1
12.6820,0x002,steering_angle_deg,-55.25,1
12.6840,0x002,steering_angle_deg,102.06,1
12.6860,0x002,steering_angle_deg,-116.29,1
12.6880,0x002,steering_angle_deg,-165.22,1
12.6900,0x002,steering_angle_deg,-18.40,1
12.6920,0x002,steering_angle_deg,-134.63,1
12.6940,0x002,steering_angle_deg,163.01,1
12.6960,0x002,steering_angle_deg,101.01,1
12.6980,0x002,steering_angle_deg,-48.48,1
12.7000,0x002,steering_angle_deg,-97.51,1
12.7000,0x050,brake_pressure_bar,3.54,0
12.7000,0x100,speed_kmph,79.77,0
12.7020,0x002,steering_angle_deg,104.99,1
12.7040,0x002,steering_angle_deg,88.47,1
12.7060,0x002,steering_angle_deg,-110.12,1
12.7080,0x002,steering_angle_deg,1.03,1
12.7100,0x002,steering_angle_deg,161.57,1
12.7120,0x002,steering_angle_deg,-61.32,1
12.7140,0x002,steering_angle_deg,169.74,1
12.7160,0x002,steering_angle_deg,11.88,1
12.7180,0x002,steering_angle_deg,52.35,1
12.7200,0x002,steering_angle_deg,-54.14,1
12.7220,0x002,steering_angle_deg,-27.60,1
12.7240,0x002,steering_angle_deg,63.08,1
12.7260,0x002,steering_angle_deg,78.03,1
12.7280,0x002,steering_angle_deg,-5.99,1
12.7300,0x002,steering_angle_deg,167.22,1
12.7320,0x002,steering_angle_deg,121.73,1
12.7340,0x002,steering_angle_deg,63.22,1
12.7360,0x002,steering_angle_deg,-103.68,1
12.7380,0x002,steering_angle_deg,43.69,1
12.7400,0x002,steering_angle_deg,-12.89,1
12.7420,0x002,steering_angle_deg,-111.09,1
12.7440,0x002,steering_angle_deg,16.28,1
12.7460,0x002,steering_angle_deg,-14.51,1
12.7480,0x002,steering_angle_deg,-61.49,1
12.7500,0x002,steering_angle_deg,133.61,1
12.7520,0x002,steering_angle_deg,122.75,1
12.7540,0x002,steering_angle_deg,176.59,1
12.7560,0x002,steering_angle_deg,89.57,1
12.7580,0x002,steering_angle_deg,-159.45,1
12.7600,0x002,steering_angle_deg,-79.64,1
12.7620,0x002,steering_angle_deg,-132.02,1
12.7640,0x002,steering_angle_deg,-130.69,1
12.7660,0x002,steering_angle_deg,54.05,1
12.7680,0x002,steering_angle_deg,7.13,1
12.7700,0x002,steering_angle_deg,-42.69,1
12.7720,0x002,steering_angle_deg,147.52,1
12.7740,0x002,steering_angle_deg,102.31,1
12.7760,0x002,steering_angle_deg,-141.93,1
12.7780,0x002,steering_angle_deg,168.36,1
12.7800,0x002,steering_angle_deg,-106.53,1
12.7820,0x002,steering_angle_deg,25.77,1
12.7840,0x002,steering_angle_deg,78.60,1
12.7860,0x002,steering_angle_deg,62.94,1
12.7880,0x002,steering_angle_deg,-155.79,1
12.7900,0x002,steering_angle_deg,49.09,1
12.7920,0x002,steering_angle_deg,159.25,1
12.7940,0x002,steering_angle_deg,161.43,1
12.7960,0x002,steering_angle_deg,-1.00,1
12.7980,0x002,steering_angle_deg,179.03,1
12.8000,0x002,steering_angle_deg,-79.83,1
12.8000,0x050,brake_pressure_bar,0.14,0
12.8000,0x100,speed_kmph,80.47,0
12.8020,0x002,steering_angle_deg,75.33,1
12.8040,0x002,steering_angle_deg,24.89,1
12.8060,0x002,steering_angle_deg,-38.01,1
12.8080,0x002,steering_angle_deg,-4.03,1
12.8100,0x002,steering_angle_deg,11.01,1
12.8120,0x002,steering_angle_deg,-21.40,1
12.8140,0x002,steering_angle_deg,-16.74,1
12.8160,0x002,steering_angle_deg,86.59,1
12.8180,0x002,steering_angle_deg,-111.63,1
12.8200,0x002,steering_angle_deg,-95.37,1
12.8220,0x002,steering_angle_deg,83.36,1
12.8240,0x002,steering_angle_deg,-31.17,1
12.8260,0x002,steering_angle_deg,-92.60,1
12.8280,0x002,steering_angle_deg,-55.71,1
12.8300,0x002,steering_angle_deg,166.28,1
12.8320,0x002,steering_angle_deg,58.99,1
12.8340,0x002,steering_angle_deg,-123.36,1
12.8360,0x002,steering_angle_deg,79.50,1
12.8380,0x002,steering_angle_deg,159.64,1
12.8400,0x002,steering_angle_deg,-179.58,1
12.8420,0x002,steering_angle_deg,-68.37,1
12.8440,0x002,steering_angle_deg,-128.48,1
12.8460,0x002,steering_angle_deg,-31.36,1
12.8480,0x002,steering_angle_deg,-75.19,1
12.8500,0x002,steering_angle_deg,140.64,1
12.8520,0x002,steering_angle_deg,141.14,1
12.8540,0x002,steering_angle_deg,-70.69,1
12.8560,0x002,steering_angle_deg,108.21,1
12.8580,0x002,steering_angle_deg,-128.19,1
12.8600,0x002,steering_angle_deg,50.51,1
12.8620,0x002,steering_angle_deg,53.74,1
12.8640,0x002,steering_angle_deg,42.71,1
12.8660,0x002,steering_angle_deg,-73.32,1
12.8680,0x002,steering_angle_deg,-76.13,1
12.8700,0x002,steering_angle_deg,-165.78,1
12.8720,0x002,steering_angle_deg,-11.49,1
12.8740,0x002,steering_angle_deg,-159.49,1
12.8760,0x002,steering_angle_deg,-102.28,1
12.8780,0x002,steering_angle_deg,69.00,1
12.8800,0x002,steering_angle_deg,163.29,1
12.8820,0x002,steering_angle_deg,9.03,1
12.8840,0x002,steering_angle_deg,111.11,1
12.8860,0x002,steering_angle_deg,142.76,1
12.8880,0x002,steering_angle_deg,-3.74,1
12.8900,0x002,steering_angle_deg,-59.94,1
12.8920,0x002,steering_angle_deg,43.71,1
12.8940,0x002,steering_angle_deg,-174.41,1
12.8960,0x002,steering_angle_deg,-94.98,1
12.8980,0x002,steering_angle_deg,-94.37,1
12.9000,0x002,steering_angle_deg,-42.66,1
12.9000,0x050,brake_pressure_bar,4.96,0
12.9000,0x100,speed_kmph,80.38,0
12.9020,0x002,steering_angle_deg,85.23,1
12.9040,0x002,steering_angle_deg,-61.85,1
12.9060,0x002,steering_angle_deg,-87.36,1
12.9080,0x002,steering_angle_deg,-165.10,1
12.9100,0x002,steering_angle_deg,-146.56,1
12.9120,0x002,steering_angle_deg,-141.60,1
12.9140,0x002,steering_angle_deg,160.95,1
12.9160,0x002,steering_angle_deg,-121.68,1
12.9180,0x002,steering_angle_deg,-97.86,1
12.9200,0x002,steering_angle_deg,-69.22,1
12.9220,0x002,steering_angle_deg,-61.32,1
12.9240,0x002,steering_angle_deg,119.31,1
12.9260,0x002,steering_angle_deg,172.37,1
12.9280,0x002,steering_angle_deg,-13.71,1
12.9300,0x002,steering_angle_deg,72.91,1
12.9320,0x002,steering_angle_deg,56.52,1
12.9340,0x002,steering_angle_deg,-133.57,1
12.9360,0x002,steering_angle_deg,-121.44,1
12.9380,0x002,steering_angle_deg,125.47,1
12.9400,0x002,steering_angle_deg,162.62,1
12.9420,0x002,steering_angle_deg,148.43,1
12.9440,0x002,steering_angle_deg,94.07,1
12.9460,0x002,steering_angle_deg,148.26,1
12.9480,0x002,steering_angle_deg,124.64,1
12.9500,0x002,steering_angle_deg,-16.86,1
12.9520,0x002,steering_angle_deg,-115.41,1
12.9540,0x002,steering_angle_deg,-133.17,1
12.9560,0x002,steering_angle_deg,-81.65,1
12.9580,0x002,steering_angle_deg,-66.86,1
12.9600,0x002,steering_angle_deg,177.13,1
12.9620,0x002,steering_angle_deg,-3.37,1
12.9640,0x002,steering_angle_deg,-170.21,1
12.9660,0x002,steering_angle_deg,-40.93,1
12.9680,0x002,steering_angle_deg,-37.23,1
12.9700,0x002,steering_angle_deg,-146.90,1
12.9720,0x002,steering_angle_deg,163.31,1
12.9740,0x002,steering_angle_deg,153.97,1
12.9760,0x002,steering_angle_deg,5.94,1
12.9780,0x002,steering_angle_deg,-92.54,1
12.9800,0x002,steering_angle_deg,-152.16,1
12.9820,0x002,steering_angle_deg,8.02,1
12.9840,0x002,steering_angle_deg,58.37,1
12.9860,0x002,steering_angle_deg,39.99,1
12.9880,0x002,steering_angle_deg,152.68,1
12.9900,0x002,steering_angle_deg,-146.41,1
12.9920,0x002,steering_angle_deg,-130.64,1
12.9940,0x002,steering_angle_deg,-45.44,1
12.9960,0x002,steering_angle_deg,-122.75,1
12.9980,0x002,steering_angle_deg,41.85,1
13.0000,0x002,steering_angle_deg,-22.70,1
13.0000,0x050,brake_pressure_bar,3.48,0
13.0000,0x100,speed_kmph,79.15,0
13.0020,0x002,steering_angle_deg,134.05,1
13.0040,0x002,steering_angle_deg,167.40,1
13.0060,0x002,steering_angle_deg,-137.13,1
13.0080,0x002,steering_angle_deg,-42.58,1
13.0100,0x002,steering_angle_deg,99.98,1
13.0120,0x002,steering_angle_deg,63.08,1
13.0140,0x002,steering_angle_deg,-90.30,1
13.0160,0x002,steering_angle_deg,124.29,1
13.0180,0x002,steering_angle_deg,-35.10,1
13.0200,0x002,steering_angle_deg,131.01,1
13.0220,0x002,steering_angle_deg,-49.56,1
13.0240,0x002,steering_angle_deg,-119.32,1
13.0260,0x002,steering_angle_deg,109.18,1
13.0280,0x002,steering_angle_deg,53.58,1
13.0300,0x002,steering_angle_deg,-132.09,1
13.0320,0x002,steering_angle_deg,-144.24,1
13.0340,0x002,steering_angle_deg,-166.57,1
13.0360,0x002,steering_angle_deg,-36.86,1
13.0380,0x002,steering_angle_deg,-148.83,1
13.0400,0x002,steering_angle_deg,89.90,1
13.0420,0x002,steering_angle_deg,37.59,1
13.0440,0x002,steering_angle_deg,-21.91,1
13.0460,0x002,steering_angle_deg,-42.76,1
13.0480,0x002,steering_angle_deg,169.11,1
13.0500,0x002,steering_angle_deg,143.53,1
13.0520,0x002,steering_angle_deg,27.02,1
13.0540,0x002,steering_angle_deg,-9.86,1
13.0560,0x002,steering_angle_deg,-108.05,1
13.0580,0x002,steering_angle_deg,56.14,1
13.0600,0x002,steering_angle_deg,26.20,1
13.0620,0x002,steering_angle_deg,-17.91,1
13.0640,0x002,steering_angle_deg,114.76,1
13.0660,0x002,steering_angle_deg,-60.94,1
13.0680,0x002,steering_angle_deg,86.15,1
13.0700,0x002,steering_angle_deg,-35.13,1
13.0720,0x002,steering_angle_deg,-27.93,1
13.0740,0x002,steering_angle_deg,40.45,1
13.0760,0x002,steering_angle_deg,126.09,1
13.0780,0x002,steering_angle_deg,25.88,1
13.0800,0x002,steering_angle_deg,83.74,1
13.0820,0x002,steering_angle_deg,-24.96,1
13.0840,0x002,steering_angle_deg,-173.89,1
13.0860,0x002,steering_angle_deg,55.29,1
13.0880,0x002,steering_angle_deg,-57.62,1
13.0900,0x002,steering_angle_deg,-101.29,1
13.0920,0x002,steering_angle_deg,154.18,1
13.0940,0x002,steering_angle_deg,-55.47,1
13.0960,0x002,steering_angle_deg,-9.96,1
13.0980,0x002,steering_angle_deg,-87.19,1
13.1000,0x002,steering_angle_deg,82.85,1
13.1000,0x050,brake_pressure_bar,2.86,0
13.1000,0x100,speed_kmph,79.40,0
13.1020,0x002,steering_angle_deg,-66.20,1
13.1040,0x002,steering_angle_deg,154.71,1
13.1060,0x002,steering_angle_deg,19.26,1
13.1080,0x002,steering_angle_deg,133.80,1
13.1100,0x002,steering_angle_deg,-119.63,1
13.1120,0x002,steering_angle_deg,87.76,1
13.1140,0x002,steering_angle_deg,3.61,1
13.1160,0x002,steering_angle_deg,-2.29,1
13.1180,0x002,steering_angle_deg,-132.76,1
13.1200,0x002,steering_angle_deg,-25.40,1
13.1220,0x002,steering_angle_deg,144.38,1
13.1240,0x002,steering_angle_deg,67.79,1
13.1260,0x002,steering_angle_deg,-15.49,1
13.1280,0x002,steering_angle_deg,92.90,1
13.1300,0x002,steering_angle_deg,77.73,1
13.1320,0x002,steering_angle_deg,-12.19,1
13.1340,0x002,steering_angle_deg,70.86,1
13.1360,0x002,steering_angle_deg,-163.83,1
13.1380,0x002,steering_angle_deg,-29.39,1
13.1400,0x002,steering_angle_deg,154.15,1
13.1420,0x002,steering_angle_deg,76.83,1
13.1440,0x002,steering_angle_deg,-84.50,1
13.1460,0x002,steering_angle_deg,-103.26,1
13.1480,0x002,steering_angle_deg,92.39,1
13.1500,0x002,steering_angle_deg,19.71,1
13.1520,0x002,steering_angle_deg,-71.76,1
13.1540,0x002,steering_angle_deg,2.17,1
13.1560,0x002,steering_angle_deg,55.22,1
13.1580,0x002,steering_angle_deg,-101.51,1
13.1600,0x002,steering_angle_deg,-68.75,1
13.1620,0x002,steering_angle_deg,-85.39,1
13.1640,0x002,steering_angle_deg,-138.44,1
13.1660,0x002,steering_angle_deg,-135.08,1
13.1680,0x002,steering_angle_deg,75.04,1
13.1700,0x002,steering_angle_deg,-178.00,1
13.1720,0x002,steering_angle_deg,-60.29,1
13.1740,0x002,steering_angle_deg,-12.97,1
13.1760,0x002,steering_angle_deg,-9.31,1
13.1780,0x002,steering_angle_deg,178.48,1
13.1800,0x002,steering_angle_deg,58.18,1
13.1820,0x002,steering_angle_deg,120.65,1
13.1840,0x002,steering_angle_deg,42.17,1
13.1860,0x002,steering_angle_deg,-28.64,1
13.1880,0x002,steering_angle_deg,-67.27,1
13.1900,0x002,steering_angle_deg,179.47,1
13.1920,0x002,steering_angle_deg,-67.06,1
13.1940,0x002,steering_angle_deg,-70.53,1
13.1960,0x002,steering_angle_deg,32.61,1
13.1980,0x002,steering_angle_deg,-159.84,1
13.2000,0x002,steering_angle_deg,98.92,1
13.2000,0x050,brake_pressure_bar,4.66,0
13.2000,0x100,speed_kmph,79.20,0
13.2020,0x002,steering_angle_deg,-155.34,1
13.2040,0x002,steering_angle_deg,-102.91,1
13.2060,0x002,steering_angle_deg,-110.39,1
13.2080,0x002,steering_angle_deg,36.97,1
13.2100,0x002,steering_angle_deg,-126.80,1
13.2120,0x002,steering_angle_deg,34.45,1
13.2140,0x002,steering_angle_deg,90.48,1
13.2160,0x002,steering_angle_deg,-128.64,1
13.2180,0x002,steering_angle_deg,-84.01,1
13.2200,0x002,steering_angle_deg,-97.00,1
13.2220,0x002,steering_angle_deg,67.39,1
13.2240,0x002,steering_angle_deg,30.83,1
13.2260,0x002,steering_angle_deg,87.02,1
13.2280,0x002,steering_angle_deg,-80.62,1
13.2300,0x002,steering_angle_deg,76.88,1
13.2320,0x002,steering_angle_deg,-122.68,1
13.2340,0x002,steering_angle_deg,109.31,1
13.2360,0x002,steering_angle_deg,-158.48,1
13.2380,0x002,steering_angle_deg,-63.05,1
13.2400,0x002,steering_angle_deg,102.23,1
13.2420,0x002,steering_angle_deg,47.15,1
13.2440,0x002,steering_angle_deg,71.52,1
13.2460,0x002,steering_angle_deg,-60.36,1
13.2480,0x002,steering_angle_deg,-140.19,1
13.2500,0x002,steering_angle_deg,132.36,1
13.2520,0x002,steering_angle_deg,56.60,1
13.2540,0x002,steering_angle_deg,58.01,1
13.2560,0x002,steering_angle_deg,-162.56,1
13.2580,0x002,steering_angle_deg,41.78,1
13.2600,0x002,steering_angle_deg,157.84,1
13.2620,0x002,steering_angle_deg,-20.07,1
13.2640,0x002,steering_angle_deg,77.27,1
13.2660,0x002,steering_angle_deg,-25.84,1
13.2680,0x002,steering_angle_deg,150.93,1
13.2700,0x002,steering_angle_deg,-71.93,1
13.2720,0x002,steering_angle_deg,-16.88,1
13.2740,0x002,steering_angle_deg,96.64,1
13.2760,0x002,steering_angle_deg,-65.75,1
13.2780,0x002,steering_angle_deg,-128.16,1
13.2800,0x002,steering_angle_deg,-89.69,1
13.2820,0x002,steering_angle_deg,-112.04,1
13.2840,0x002,steering_angle_deg,61.49,1
13.2860,0x002,steering_angle_deg,-40.81,1
13.2880,0x002,steering_angle_deg,150.68,1
13.2900,0x002,steering_angle_deg,60.08,1
13.2920,0x002,steering_angle_deg,-67.29,1
13.2940,0x002,steering_angle_deg,96.97,1
13.2960,0x002,steering_angle_deg,86.64,1
13.2980,0x002,steering_angle_deg,109.81,1
13.3000,0x002,steering_angle_deg,-53.82,1
13.3000,0x050,brake_pressure_bar,4.66,0
13.3000,0x100,speed_kmph,80.89,0
13.3020,0x002,steering_angle_deg,-47.44,1
13.3040,0x002,steering_angle_deg,-73.61,1
13.3060,0x002,steering_angle_deg,12.55,1
13.3080,0x002,steering_angle_deg,57.00,1
13.3100,0x002,steering_angle_deg,-133.44,1
13.3120,0x002,steering_angle_deg,108.31,1
13.3140,0x002,steering_angle_deg,67.59,1
13.3160,0x002,steering_angle_deg,76.81,1
13.3180,0x002,steering_angle_deg,-79.78,1
13.3200,0x002,steering_angle_deg,134.50,1
13.3220,0x002,steering_angle_deg,-154.20,1
13.3240,0x002,steering_angle_deg,-152.90,1
13.3260,0x002,steering_angle_deg,-115.25,1
13.3280,0x002,steering_angle_deg,163.22,1
13.3300,0x002,steering_angle_deg,-93.96,1
13.3320,0x002,steering_angle_deg,-105.65,1
13.3340,0x002,steering_angle_deg,-89.42,1
13.3360,0x002,steering_angle_deg,-84.47,1
13.3380,0x002,steering_angle_deg,71.11,1
13.3400,0x002,steering_angle_deg,-28.04,1
13.3420,0x002,steering_angle_deg,-20.12,1
13.3440,0x002,steering_angle_deg,-169.15,1
13.3460,0x002,steering_angle_deg,-116.26,1
13.3480,0x002,steering_angle_deg,17.53,1
13.3500,0x002,steering_angle_deg,13.74,1
13.3520,0x002,steering_angle_deg,100.90,1
13.3540,0x002,steering_angle_deg,-13.20,1
13.3560,0x002,steering_angle_deg,157.65,1
13.3580,0x002,steering_angle_deg,-11.32,1
13.3600,0x002,steering_angle_deg,-104.43,1
13.3620,0x002,steering_angle_deg,-177.73,1
13.3640,0x002,steering_angle_deg,-78.66,1
13.3660,0x002,steering_angle_deg,-141.30,1
13.3680,0x002,steering_angle_deg,-16.68,1
13.3700,0x002,steering_angle_deg,110.57,1
13.3720,0x002,steering_angle_deg,-55.77,1
13.3740,0x002,steering_angle_deg,-22.88,1
13.3760,0x002,steering_angle_deg,91.97,1
13.3780,0x002,steering_angle_deg,42.71,1
13.3800,0x002,steering_angle_deg,16.59,1
13.3820,0x002,steering_angle_deg,-167.24,1
13.3840,0x002,steering_angle_deg,8.25,1
13.3860,0x002,steering_angle_deg,-95.84,1
13.3880,0x002,steering_angle_deg,-178.19,1
13.3900,0x002,steering_angle_deg,113.82,1
13.3920,0x002,steering_angle_deg,59.51,1
13.3940,0x002,steering_angle_deg,122.88,1
13.3960,0x002,steering_angle_deg,134.35,1
13.3980,0x002,steering_angle_deg,-131.94,1
13.4000,0x002,steering_angle_deg,-138.38,1
13.4000,0x050,brake_pressure_bar,1.65,0
13.4000,0x100,speed_kmph,80.71,0
13.4020,0x002,steering_angle_deg,56.12,1
13.4040,0x002,steering_angle_deg,99.16,1
13.4060,0x002,steering_angle_deg,-98.85,1
13.4080,0x002,steering_angle_deg,145.64,1
13.4100,0x002,steering_angle_deg,92.61,1
13.4120,0x002,steering_angle_deg,-72.50,1
13.4140,0x002,steering_angle_deg,35.29,1
13.4160,0x002,steering_angle_deg,-44.97,1
13.4180,0x002,steering_angle_deg,127.31,1
13.4200,0x002,steering_angle_deg,96.44,1
13.4220,0x002,steering_angle_deg,103.99,1
13.4240,0x002,steering_angle_deg,-51.44,1
13.4260,0x002,steering_angle_deg,67.90,1
13.4280,0x002,steering_angle_deg,126.56,1
13.4300,0x002,steering_angle_deg,-92.18,1
13.4320,0x002,steering_angle_deg,-144.36,1
13.4340,0x002,steering_angle_deg,-165.89,1
13.4360,0x002,steering_angle_deg,91.65,1
13.4380,0x002,steering_angle_deg,128.83,1
13.4400,0x002,steering_angle_deg,110.85,1
13.4420,0x002,steering_angle_deg,144.67,1
13.4440,0x002,steering_angle_deg,13.52,1
13.4460,0x002,steering_angle_deg,-0.12,1
13.4480,0x002,steering_angle_deg,-147.78,1
13.4500,0x002,steering_angle_deg,144.35,1
13.4520,0x002,steering_angle_deg,91.92,1
13.4540,0x002,steering_angle_deg,68.94,1
13.4560,0x002,steering_angle_deg,-98.78,1
13.4580,0x002,steering_angle_deg,94.80,1
13.4600,0x002,steering_angle_deg,79.48,1
13.4620,0x002,steering_angle_deg,-118.42,1
13.4640,0x002,steering_angle_deg,-146.46,1
13.4660,0x002,steering_angle_deg,13.97,1
13.4680,0x002,steering_angle_deg,-159.24,1
13.4700,0x002,steering_angle_deg,-28.08,1
13.4720,0x002,steering_angle_deg,83.09,1
13.4740,0x002,steering_angle_deg,-78.55,1
13.4760,0x002,steering_angle_deg,-162.51,1
13.4780,0x002,steering_angle_deg,72.23,1
13.4800,0x002,steering_angle_deg,87.22,1
13.4820,0x002,steering_angle_deg,20.06,1
13.4840,0x002,steering_angle_deg,-34.25,1
13.4860,0x002,steering_angle_deg,-84.89,1
13.4880,0x002,steering_angle_deg,115.65,1
13.4900,0x002,steering_angle_deg,-66.13,1
13.4920,0x002,steering_angle_deg,-150.61,1
13.4940,0x002,steering_angle_deg,1.78,1
13.4960,0x002,steering_angle_deg,154.10,1
13.4980,0x002,steering_angle_deg,-37.69,1
13.5000,0x002,steering_angle_deg,-12.16,1
13.5000,0x050,brake_pressure_bar,2.24,0
13.5000,0x100,speed_kmph,80.06,0
13.5020,0x002,steering_angle_deg,170.61,1
13.5040,0x002,steering_angle_deg,75.16,1
13.5060,0x002,steering_angle_deg,132.00,1
13.5080,0x002,steering_angle_deg,-127.58,1
13.5100,0x002,steering_angle_deg,77.11,1
13.5120,0x002,steering_angle_deg,11.87,1
13.5140,0x002,steering_angle_deg,-177.05,1
13.5160,0x002,steering_angle_deg,23.03,1
13.5180,0x002,steering_angle_deg,27.12,1
13.5200,0x002,steering_angle_deg,-6.35,1
13.5220,0x002,steering_angle_deg,63.87,1
13.5240,0x002,steering_angle_deg,-28.61,1
13.5260,0x002,steering_angle_deg,110.57,1
13.5280,0x002,steering_angle_deg,-108.56,1
13.5300,0x002,steering_angle_deg,122.27,1
13.5320,0x002,steering_angle_deg,-144.50,1
13.5340,0x002,steering_angle_deg,-167.99,1
13.5360,0x002,steering_angle_deg,23.69,1
13.5380,0x002,steering_angle_deg,-136.34,1
13.5400,0x002,steering_angle_deg,-48.41,1
13.5420,0x002,steering_angle_deg,-107.14,1
13.5440,0x002,steering_angle_deg,88.16,1
13.5460,0x002,steering_angle_deg,14.11,1
13.5480,0x002,steering_angle_deg,62.48,1
13.5500,0x002,steering_angle_deg,165.41,1
13.5520,0x002,steering_angle_deg,14.75,1
13.5540,0x002,steering_angle_deg,-139.85,1
13.5560,0x002,steering_angle_deg,121.89,1
13.5580,0x002,steering_angle_deg,-52.80,1
13.5600,0x002,steering_angle_deg,-36.57,1
13.5620,0x002,steering_angle_deg,-78.44,1
13.5640,0x002,steering_angle_deg,-81.98,1
13.5660,0x002,steering_angle_deg,56.85,1
13.5680,0x002,steering_angle_deg,-59.96,1
13.5700,0x002,steering_angle_deg,-135.81,1
13.5720,0x002,steering_angle_deg,30.55,1
13.5740,0x002,steering_angle_deg,-177.49,1
13.5760,0x002,steering_angle_deg,-147.84,1
13.5780,0x002,steering_angle_deg,-29.53,1
13.5800,0x002,steering_angle_deg,-22.23,1
13.5820,0x002,steering_angle_deg,-62.90,1
13.5840,0x002,steering_angle_deg,3.29,1
13.5860,0x002,steering_angle_deg,149.04,1
13.5880,0x002,steering_angle_deg,100.22,1
13.5900,0x002,steering_angle_deg,-79.28,1
13.5920,0x002,steering_angle_deg,-91.22,1
13.5940,0x002,steering_angle_deg,-142.28,1
13.5960,0x002,steering_angle_deg,58.08,1
13.5980,0x002,steering_angle_deg,111.45,1
13.6000,0x002,steering_angle_deg,-120.99,1
13.6000,0x050,brake_pressure_bar,2.62,0
13.6000,0x100,speed_kmph,79.76,0
13.6020,0x002,steering_angle_deg,-121.58,1
13.6040,0x002,steering_angle_deg,113.42,1
13.6060,0x002,steering_angle_deg,167.94,1
13.6080,0x002,steering_angle_deg,17.09,1
13.6100,0x002,steering_angle_deg,-8.76,1
13.6120,0x002,steering_angle_deg,89.58,1
13.6140,0x002,steering_angle_deg,-46.72,1
13.6160,0x002,steering_angle_deg,-151.27,1
13.6180,0x002,steering_angle_deg,-168.37,1
13.6200,0x002,steering_angle_deg,139.30,1
13.6220,0x002,steering_angle_deg,174.68,1
13.6240,0x002,steering_angle_deg,-154.46,1
13.6260,0x002,steering_angle_deg,13.22,1
13.6280,0x002,steering_angle_deg,156.61,1
13.6300,0x002,steering_angle_deg,42.50,1
13.6320,0x002,steering_angle_deg,96.88,1
13.6340,0x002,steering_angle_deg,-99.99,1
13.6360,0x002,steering_angle_deg,-164.68,1
13.6380,0x002,steering_angle_deg,-77.11,1
13.6400,0x002,steering_angle_deg,118.29,1
13.6420,0x002,steering_angle_deg,124.52,1
13.6440,0x002,steering_angle_deg,-50.38,1
13.6460,0x002,steering_angle_deg,-161.43,1
13.6480,0x002,steering_angle_deg,22.51,1
13.6500,0x002,steering_angle_deg,40.62,1
13.6520,0x002,steering_angle_deg,149.17,1
13.6540,0x002,steering_angle_deg,126.43,1
13.6560,0x002,steering_angle_deg,-0.92,1
13.6580,0x002,steering_angle_deg,-125.91,1
13.6600,0x002,steering_angle_deg,32.99,1
13.6620,0x002,steering_angle_deg,-99.61,1
13.6640,0x002,steering_angle_deg,-167.47,1
13.6660,0x002,steering_angle_deg,92.96,1
13.6680,0x002,steering_angle_deg,97.99,1
13.6700,0x002,steering_angle_deg,-69.38,1
13.6720,0x002,steering_angle_deg,-66.76,1
13.6740,0x002,steering_angle_deg,-73.13,1
13.6760,0x002,steering_angle_deg,-90.61,1
13.6780,0x002,steering_angle_deg,137.95,1
13.6800,0x002,steering_angle_deg,-115.71,1
13.6820,0x002,steering_angle_deg,162.47,1
13.6840,0x002,steering_angle_deg,21.06,1
13.6860,0x002,steering_angle_deg,168.04,1
13.6880,0x002,steering_angle_deg,6.50,1
13.6900,0x002,steering_angle_deg,69.85,1
13.6920,0x002,steering_angle_deg,-130.04,1
13.6940,0x002,steering_angle_deg,-73.37,1
13.6960,0x002,steering_angle_deg,19.97,1
13.6980,0x002,steering_angle_deg,-27.42,1
13.7000,0x002,steering_angle_deg,-163.56,1
13.7000,0x050,brake_pressure_bar,1.91,0
13.7000,0x100,speed_kmph,80.41,0
13.7020,0x002,steering_angle_deg,120.75,1
13.7040,0x002,steering_angle_deg,-111.34,1
13.7060,0x002,steering_angle_deg,-61.40,1
13.7080,0x002,steering_angle_deg,-102.46,1
13.7100,0x002,steering_angle_deg,-11.88,1
13.7120,0x002,steering_angle_deg,41.44,1
13.7140,0x002,steering_angle_deg,-111.28,1
13.7160,0x002,steering_angle_deg,104.90,1
13.7180,0x002,steering_angle_deg,136.68,1
13.7200,0x002,steering_angle_deg,-38.65,1
13.7220,0x002,steering_angle_deg,171.30,1
13.7240,0x002,steering_angle_deg,118.16,1
13.7260,0x002,steering_angle_deg,66.84,1
13.7280,0x002,steering_angle_deg,134.48,1
13.7300,0x002,steering_angle_deg,143.31,1
13.7320,0x002,steering_angle_deg,156.10,1
13.7340,0x002,steering_angle_deg,166.91,1
13.7360,0x002,steering_angle_deg,65.72,1
13.7380,0x002,steering_angle_deg,82.97,1
13.7400,0x002,steering_angle_deg,149.29,1
13.7420,0x002,steering_angle_deg,109.60,1
13.7440,0x002,steering_angle_deg,135.47,1
13.7460,0x002,steering_angle_deg,92.44,1
13.7480,0x002,steering_angle_deg,54.91,1
13.7500,0x002,steering_angle_deg,179.44,1
13.7520,0x002,steering_angle_deg,-74.33,1
13.7540,0x002,steering_angle_deg,-94.11,1
13.7560,0x002,steering_angle_deg,-50.05,1
13.7580,0x002,steering_angle_deg,-18.69,1
13.7600,0x002,steering_angle_deg,-9.92,1
13.7620,0x002,steering_angle_deg,142.07,1
13.7640,0x002,steering_angle_deg,60.28,1
13.7660,0x002,steering_angle_deg,56.75,1
13.7680,0x002,steering_angle_deg,-112.42,1
13.7700,0x002,steering_angle_deg,-178.08,1
13.7720,0x002,steering_angle_deg,118.65,1
13.7740,0x002,steering_angle_deg,-168.27,1
13.7760,0x002,steering_angle_deg,-42.48,1
13.7780,0x002,steering_angle_deg,-61.84,1
13.7800,0x002,steering_angle_deg,-146.36,1
13.7820,0x002,steering_angle_deg,-142.17,1
13.7840,0x002,steering_angle_deg,-116.05,1
13.7860,0x002,steering_angle_deg,-95.13,1
13.7880,0x002,steering_angle_deg,-107.88,1
13.7900,0x002,steering_angle_deg,-19.27,1
13.7920,0x002,steering_angle_deg,83.49,1
13.7940,0x002,steering_angle_deg,76.46,1
13.7960,0x002,steering_angle_deg,56.10,1
13.7980,0x002,steering_angle_deg,-43.98,1
13.8000,0x002,steering_angle_deg,-156.24,1
13.8000,0x050,brake_pressure_bar,1.83,0
13.8000,0x100,speed_kmph,79.82,0
13.8020,0x002,steering_angle_deg,-14.67,1
13.8040,0x002,steering_angle_deg,-53.57,1
13.8060,0x002,steering_angle_deg,51.16,1
13.8080,0x002,steering_angle_deg,-123.53,1
13.8100,0x002,steering_angle_deg,74.58,1
13.8120,0x002,steering_angle_deg,-71.23,1
13.8140,0x002,steering_angle_deg,5.34,1
13.8160,0x002,steering_angle_deg,23.04,1
13.8180,0x002,steering_angle_deg,-3.25,1
13.8200,0x002,steering_angle_deg,54.45,1
13.8220,0x002,steering_angle_deg,122.47,1
13.8240,0x002,steering_angle_deg,-163.92,1
13.8260,0x002,steering_angle_deg,-127.19,1
13.8280,0x002,steering_angle_deg,-9.49,1
13.8300,0x002,steering_angle_deg,-168.24,1
13.8320,0x002,steering_angle_deg,114.01,1
13.8340,0x002,steering_angle_deg,-140.38,1
13.8360,0x002,steering_angle_deg,-43.65,1
13.8380,0x002,steering_angle_deg,97.41,1
13.8400,0x002,steering_angle_deg,162.01,1
13.8420,0x002,steering_angle_deg,64.02,1
13.8440,0x002,steering_angle_deg,-111.52,1
13.8460,0x002,steering_angle_deg,-155.56,1
13.8480,0x002,steering_angle_deg,-151.53,1
13.8500,0x002,steering_angle_deg,69.96,1
13.8520,0x002,steering_angle_deg,15.67,1
13.8540,0x002,steering_angle_deg,110.29,1
13.8560,0x002,steering_angle_deg,-71.03,1
13.8580,0x002,steering_angle_deg,-105.20,1
13.8600,0x002,steering_angle_deg,-65.01,1
13.8620,0x002,steering_angle_deg,1.80,1
13.8640,0x002,steering_angle_deg,39.43,1
13.8660,0x002,steering_angle_deg,-4.43,1
13.8680,0x002,steering_angle_deg,-140.59,1
13.8700,0x002,steering_angle_deg,108.81,1
13.8720,0x002,steering_angle_deg,-86.74,1
13.8740,0x002,steering_angle_deg,-125.45,1
13.8760,0x002,steering_angle_deg,26.80,1
13.8780,0x002,steering_angle_deg,148.58,1
13.8800,0x002,steering_angle_deg,1.56,1
13.8820,0x002,steering_angle_deg,45.57,1
13.8840,0x002,steering_angle_deg,4.30,1
13.8860,0x002,steering_angle_deg,-66.57,1
13.8880,0x002,steering_angle_deg,176.67,1
13.8900,0x002,steering_angle_deg,-57.42,1
13.8920,0x002,steering_angle_deg,173.16,1
13.8940,0x002,steering_angle_deg,99.62,1
13.8960,0x002,steering_angle_deg,113.56,1
13.8980,0x002,steering_angle_deg,13.47,1
13.9000,0x002,steering_angle_deg,79.59,1
13.9000,0x050,brake_pressure_bar,1.82,0
13.9000,0x100,speed_kmph,79.69,0
13.9020,0x002,steering_angle_deg,9.19,1
13.9040,0x002,steering_angle_deg,-85.24,1
13.9060,0x002,steering_angle_deg,-169.74,1
13.9080,0x002,steering_angle_deg,124.40,1
13.9100,0x002,steering_angle_deg,-35.25,1
13.9120,0x002,steering_angle_deg,-103.83,1
13.9140,0x002,steering_angle_deg,57.54,1
13.9160,0x002,steering_angle_deg,-163.87,1
13.9180,0x002,steering_angle_deg,-34.02,1
13.9200,0x002,steering_angle_deg,41.52,1
13.9220,0x002,steering_angle_deg,-126.54,1
13.9240,0x002,steering_angle_deg,111.39,1
13.9260,0x002,steering_angle_deg,167.10,1
13.9280,0x002,steering_angle_deg,51.82,1
13.9300,0x002,steering_angle_deg,42.31,1
13.9320,0x002,steering_angle_deg,-111.59,1
13.9340,0x002,steering_angle_deg,-45.74,1
13.9360,0x002,steering_angle_deg,-170.38,1
13.9380,0x002,steering_angle_deg,-125.99,1
13.9400,0x002,steering_angle_deg,42.37,1
13.9420,0x002,steering_angle_deg,143.38,1
13.9440,0x002,steering_angle_deg,171.27,1
13.9460,0x002,steering_angle_deg,-94.48,1
13.9480,0x002,steering_angle_deg,-26.87,1
13.9500,0x002,steering_angle_deg,-133.87,1
13.9520,0x002,steering_angle_deg,-153.77,1
13.9540,0x002,steering_angle_deg,98.03,1
13.9560,0x002,steering_angle_deg,158.10,1
13.9580,0x002,steering_angle_deg,46.59,1
13.9600,0x002,steering_angle_deg,-9.57,1
13.9620,0x002,steering_angle_deg,-90.92,1
13.9640,0x002,steering_angle_deg,76.10,1
13.9660,0x002,steering_angle_deg,28.20,1
13.9680,0x002,steering_angle_deg,155.73,1
13.9700,0x002,steering_angle_deg,169.33,1
13.9720,0x002,steering_angle_deg,20.78,1
13.9740,0x002,steering_angle_deg,34.13,1
13.9760,0x002,steering_angle_deg,48.39,1
13.9780,0x002,steering_angle_deg,-70.59,1
13.9800,0x002,steering_angle_deg,48.91,1
13.9820,0x002,steering_angle_deg,-151.22,1
13.9840,0x002,steering_angle_deg,-101.11,1
13.9860,0x002,steering_angle_deg,-65.30,1
13.9880,0x002,steering_angle_deg,-77.23,1
13.9900,0x002,steering_angle_deg,-80.87,1
13.9920,0x002,steering_angle_deg,78.92,1
13.9940,0x002,steering_angle_deg,-23.37,1
13.9960,0x002,steering_angle_deg,-92.04,1
13.9980,0x002,steering_angle_deg,-135.65,1
14.0000,0x002,steering_angle_deg,88.59,1
14.0000,0x050,brake_pressure_bar,1.46,0
14.0000,0x100,speed_kmph,79.44,0
14.0020,0x002,steering_angle_deg,6.62,1
14.0040,0x002,steering_angle_deg,76.85,1
14.0060,0x002,steering_angle_deg,-130.95,1
14.0080,0x002,steering_angle_deg,-176.12,1
14.0100,0x002,steering_angle_deg,159.31,1
14.0120,0x002,steering_angle_deg,97.77,1
14.0140,0x002,steering_angle_deg,-156.58,1
14.0160,0x002,steering_angle_deg,-61.41,1
14.0180,0x002,steering_angle_deg,122.35,1
14.0200,0x002,steering_angle_deg,99.05,1
14.0220,0x002,steering_angle_deg,144.44,1
14.0240,0x002,steering_angle_deg,163.70,1
14.0260,0x002,steering_angle_deg,121.11,1
14.0280,0x002,steering_angle_deg,126.76,1
14.0300,0x002,steering_angle_deg,112.74,1
14.0320,0x002,steering_angle_deg,-25.69,1
14.0340,0x002,steering_angle_deg,85.82,1
14.0360,0x002,steering_angle_deg,-132.05,1
14.0380,0x002,steering_angle_deg,-44.91,1
14.0400,0x002,steering_angle_deg,-104.46,1
14.0420,0x002,steering_angle_deg,-179.30,1
14.0440,0x002,steering_angle_deg,-136.35,1
14.0460,0x002,steering_angle_deg,38.85,1
14.0480,0x002,steering_angle_deg,75.42,1
14.0500,0x002,steering_angle_deg,96.67,1
14.0520,0x002,steering_angle_deg,64.90,1
14.0540,0x002,steering_angle_deg,-54.74,1
14.0560,0x002,steering_angle_deg,-40.36,1
14.0580,0x002,steering_angle_deg,-17.80,1
14.0600,0x002,steering_angle_deg,-176.70,1
14.0620,0x002,steering_angle_deg,-21.57,1
14.0640,0x002,steering_angle_deg,-53.04,1
14.0660,0x002,steering_angle_deg,-41.09,1
14.0680,0x002,steering_angle_deg,152.86,1
14.0700,0x002,steering_angle_deg,37.13,1
14.0720,0x002,steering_angle_deg,53.74,1
14.0740,0x002,steering_angle_deg,-70.18,1
14.0760,0x002,steering_angle_deg,-90.36,1
14.0780,0x002,steering_angle_deg,-1.76,1
14.0800,0x002,steering_angle_deg,62.24,1
14.0820,0x002,steering_angle_deg,-178.10,1
14.0840,0x002,steering_angle_deg,153.47,1
14.0860,0x002,steering_angle_deg,-104.63,1
14.0880,0x002,steering_angle_deg,86.17,1
14.0900,0x002,steering_angle_deg,-45.95,1
14.0920,0x002,steering_angle_deg,178.96,1
14.0940,0x002,steering_angle_deg,-158.50,1
14.0960,0x002,steering_angle_deg,-172.36,1
14.0980,0x002,steering_angle_deg,165.95,1
14.1000,0x002,steering_angle_deg,87.32,1
14.1000,0x050,brake_pressure_bar,0.21,0
14.1000,0x100,speed_kmph,79.94,0
14.1020,0x002,steering_angle_deg,18.28,1
14.1040,0x002,steering_angle_deg,107.49,1
14.1060,0x002,steering_angle_deg,90.20,1
14.1080,0x002,steering_angle_deg,150.41,1
14.1100,0x002,steering_angle_deg,100.60,1
14.1120,0x002,steering_angle_deg,-46.06,1
14.1140,0x002,steering_angle_deg,13.21,1
14.1160,0x002,steering_angle_deg,160.47,1
14.1180,0x002,steering_angle_deg,-43.52,1
14.1200,0x002,steering_angle_deg,-57.52,1
14.1220,0x002,steering_angle_deg,161.01,1
14.1240,0x002,steering_angle_deg,150.54,1
14.1260,0x002,steering_angle_deg,3.61,1
14.1280,0x002,steering_angle_deg,152.78,1
14.1300,0x002,steering_angle_deg,64.93,1
14.1320,0x002,steering_angle_deg,168.63,1
14.1340,0x002,steering_angle_deg,-152.27,1
14.1360,0x002,steering_angle_deg,156.22,1
14.1380,0x002,steering_angle_deg,147.27,1
14.1400,0x002,steering_angle_deg,-153.25,1
14.1420,0x002,steering_angle_deg,-113.53,1
14.1440,0x002,steering_angle_deg,-19.15,1
14.1460,0x002,steering_angle_deg,-169.25,1
14.1480,0x002,steering_angle_deg,8.54,1
14.1500,0x002,steering_angle_deg,21.14,1
14.1520,0x002,steering_angle_deg,-87.12,1
14.1540,0x002,steering_angle_deg,146.38,1
14.1560,0x002,steering_angle_deg,53.94,1
14.1580,0x002,steering_angle_deg,11.31,1
14.1600,0x002,steering_angle_deg,74.93,1
14.1620,0x002,steering_angle_deg,-2.82,1
14.1640,0x002,steering_angle_deg,89.75,1
14.1660,0x002,steering_angle_deg,142.94,1
14.1680,0x002,steering_angle_deg,133.39,1
14.1700,0x002,steering_angle_deg,-138.58,1
14.1720,0x002,steering_angle_deg,99.33,1
14.1740,0x002,steering_angle_deg,179.10,1
14.1760,0x002,steering_angle_deg,167.13,1
14.1780,0x002,steering_angle_deg,109.34,1
14.1800,0x002,steering_angle_deg,29.21,1
14.1820,0x002,steering_angle_deg,-141.18,1
14.1840,0x002,steering_angle_deg,111.12,1
14.1860,0x002,steering_angle_deg,0.80,1
14.1880,0x002,steering_angle_deg,109.26,1
14.1900,0x002,steering_angle_deg,22.44,1
14.1920,0x002,steering_angle_deg,143.80,1
14.1940,0x002,steering_angle_deg,-32.73,1
14.1960,0x002,steering_angle_deg,-170.70,1
14.1980,0x002,steering_angle_deg,120.90,1
14.2000,0x002,steering_angle_deg,-129.44,1
14.2000,0x050,brake_pressure_bar,3.08,0
14.2000,0x100,speed_kmph,80.95,0
14.2020,0x002,steering_angle_deg,-25.65,1
14.2040,0x002,steering_angle_deg,-115.14,1
14.2060,0x002,steering_angle_deg,-88.21,1
14.2080,0x002,steering_angle_deg,-1.95,1
14.2100,0x002,steering_angle_deg,-47.59,1
14.2120,0x002,steering_angle_deg,22.81,1
14.2140,0x002,steering_angle_deg,42.47,1
14.2160,0x002,steering_angle_deg,98.32,1
14.2180,0x002,steering_angle_deg,1.26,1
14.2200,0x002,steering_angle_deg,-105.10,1
14.2220,0x002,steering_angle_deg,-29.80,1
14.2240,0x002,steering_angle_deg,95.63,1
14.2260,0x002,steering_angle_deg,106.96,1
14.2280,0x002,steering_angle_deg,21.56,1
14.2300,0x002,steering_angle_deg,89.09,1
14.2320,0x002,steering_angle_deg,-69.89,1
14.2340,0x002,steering_angle_deg,85.27,1
14.2360,0x002,steering_angle_deg,148.71,1
14.2380,0x002,steering_angle_deg,169.00,1
14.2400,0x002,steering_angle_deg,-122.65,1
14.2420,0x002,steering_angle_deg,3.75,1
14.2440,0x002,steering_angle_deg,-159.73,1
14.2460,0x002,steering_angle_deg,55.91,1
14.2480,0x002,steering_angle_deg,169.49,1
14.2500,0x002,steering_angle_deg,66.44,1
14.2520,0x002,steering_angle_deg,52.02,1
14.2540,0x002,steering_angle_deg,7.89,1
14.2560,0x002,steering_angle_deg,-84.31,1
14.2580,0x002,steering_angle_deg,-163.05,1
14.2600,0x002,steering_angle_deg,-77.78,1
14.2620,0x002,steering_angle_deg,76.44,1
14.2640,0x002,steering_angle_deg,52.76,1
14.2660,0x002,steering_angle_deg,-146.87,1
14.2680,0x002,steering_angle_deg,-178.43,1
14.2700,0x002,steering_angle_deg,-141.74,1
14.2720,0x002,steering_angle_deg,62.58,1
14.2740,0x002,steering_angle_deg,29.00,1
14.2760,0x002,steering_angle_deg,-50.34,1
14.2780,0x002,steering_angle_deg,-20.14,1
14.2800,0x002,steering_angle_deg,22.07,1
14.2820,0x002,steering_angle_deg,-118.22,1
14.2840,0x002,steering_angle_deg,12.89,1
14.2860,0x002,steering_angle_deg,-61.91,1
14.2880,0x002,steering_angle_deg,34.89,1
14.2900,0x002,steering_angle_deg,65.84,1
14.2920,0x002,steering_angle_deg,-168.50,1
14.2940,0x002,steering_angle_deg,-47.44,1
14.2960,0x002,steering_angle_deg,-96.42,1
14.2980,0x002,steering_angle_deg,-26.88,1
14.3000,0x002,steering_angle_deg,-14.37,1
14.3000,0x050,brake_pressure_bar,4.98,0
14.3000,0x100,speed_kmph,80.99,0
14.3020,0x002,steering_angle_deg,8.28,1
14.3040,0x002,steering_angle_deg,-60.72,1
14.3060,0x002,steering_angle_deg,116.84,1
14.3080,0x002,steering_angle_deg,85.13,1
14.3100,0x002,steering_angle_deg,43.86,1
14.3120,0x002,steering_angle_deg,23.55,1
14.3140,0x002,steering_angle_deg,-173.29,1
14.3160,0x002,steering_angle_deg,-15.66,1
14.3180,0x002,steering_angle_deg,34.11,1
14.3200,0x002,steering_angle_deg,80.54,1
14.3220,0x002,steering_angle_deg,112.51,1
14.3240,0x002,steering_angle_deg,-151.02,1
14.3260,0x002,steering_angle_deg,-147.74,1
14.3280,0x002,steering_angle_deg,-8.80,1
14.3300,0x002,steering_angle_deg,94.02,1
14.3320,0x002,steering_angle_deg,-57.73,1
14.3340,0x002,steering_angle_deg,30.06,1
14.3360,0x002,steering_angle_deg,57.84,1
14.3380,0x002,steering_angle_deg,-119.56,1
14.3400,0x002,steering_angle_deg,-44.32,1
14.3420,0x002,steering_angle_deg,-100.61,1
14.3440,0x002,steering_angle_deg,-76.09,1
14.3460,0x002,steering_angle_deg,5.36,1
14.3480,0x002,steering_angle_deg,90.72,1
14.3500,0x002,steering_angle_deg,-137.54,1
14.3520,0x002,steering_angle_deg,-143.61,1
14.3540,0x002,steering_angle_deg,105.38,1
14.3560,0x002,steering_angle_deg,-130.44,1
14.3580,0x002,steering_angle_deg,-174.21,1
14.3600,0x002,steering_angle_deg,127.37,1
14.3620,0x002,steering_angle_deg,-94.82,1
14.3640,0x002,steering_angle_deg,-173.74,1
14.3660,0x002,steering_angle_deg,164.79,1
14.3680,0x002,steering_angle_deg,-61.29,1
14.3700,0x002,steering_angle_deg,98.12,1
14.3720,0x002,steering_angle_deg,68.00,1
14.3740,0x002,steering_angle_deg,-149.03,1
14.3760,0x002,steering_angle_deg,-157.15,1
14.3780,0x002,steering_angle_deg,138.03,1
14.3800,0x002,steering_angle_deg,-58.01,1
14.3820,0x002,steering_angle_deg,142.73,1
14.3840,0x002,steering_angle_deg,-179.32,1
14.3860,0x002,steering_angle_deg,-97.72,1
14.3880,0x002,steering_angle_deg,-89.90,1
14.3900,0x002,steering_angle_deg,109.96,1
14.3920,0x002,steering_angle_deg,-74.53,1
14.3940,0x002,steering_angle_deg,113.42,1
14.3960,0x002,steering_angle_deg,-34.42,1
14.3980,0x002,steering_angle_deg,-91.26,1
14.4000,0x002,steering_angle_deg,76.05,1
14.4000,0x050,brake_pressure_bar,3.90,0
14.4000,0x100,speed_kmph,79.30,0
14.4020,0x002,steering_angle_deg,162.40,1
14.4040,0x002,steering_angle_deg,-1.31,1
14.4060,0x002,steering_angle_deg,143.02,1
14.4080,0x002,steering_angle_deg,-80.60,1
14.4100,0x002,steering_angle_deg,-175.72,1
14.4120,0x002,steering_angle_deg,26.48,1
14.4140,0x002,steering_angle_deg,98.20,1
14.4160,0x002,steering_angle_deg,-75.15,1
14.4180,0x002,steering_angle_deg,-3.80,1
14.4200,0x002,steering_angle_deg,-94.65,1
14.4220,0x002,steering_angle_deg,-53.26,1
14.4240,0x002,steering_angle_deg,89.58,1
14.4260,0x002,steering_angle_deg,164.60,1
14.4280,0x002,steering_angle_deg,-83.81,1
14.4300,0x002,steering_angle_deg,-155.31,1
14.4320,0x002,steering_angle_deg,-106.18,1
14.4340,0x002,steering_angle_deg,110.55,1
14.4360,0x002,steering_angle_deg,-69.65,1
14.4380,0x002,steering_angle_deg,61.17,1
14.4400,0x002,steering_angle_deg,136.45,1
14.4420,0x002,steering_angle_deg,-31.80,1
14.4440,0x002,steering_angle_deg,-105.58,1
14.4460,0x002,steering_angle_deg,-48.95,1
14.4480,0x002,steering_angle_deg,-69.99,1
14.4500,0x002,steering_angle_deg,-23.87,1
14.4520,0x002,steering_angle_deg,-43.26,1
14.4540,0x002,steering_angle_deg,-60.52,1
14.4560,0x002,steering_angle_deg,-10.81,1
14.4580,0x002,steering_angle_deg,45.76,1
14.4600,0x002,steering_angle_deg,-153.56,1
14.4620,0x002,steering_angle_deg,-97.01,1
14.4640,0x002,steering_angle_deg,37.72,1
14.4660,0x002,steering_angle_deg,-57.42,1
14.4680,0x002,steering_angle_deg,-163.01,1
14.4700,0x002,steering_angle_deg,96.62,1
14.4720,0x002,steering_angle_deg,-0.49,1
14.4740,0x002,steering_angle_deg,-178.12,1
14.4760,0x002,steering_angle_deg,101.45,1
14.4780,0x002,steering_angle_deg,58.80,1
14.4800,0x002,steering_angle_deg,123.58,1
14.4820,0x002,steering_angle_deg,-103.00,1
14.4840,0x002,steering_angle_deg,-8.11,1
14.4860,0x002,steering_angle_deg,-147.38,1
14.4880,0x002,steering_angle_deg,-29.19,1
14.4900,0x002,steering_angle_deg,152.13,1
14.4920,0x002,steering_angle_deg,90.72,1
14.4940,0x002,steering_angle_deg,-26.54,1
14.4960,0x002,steering_angle_deg,67.23,1
14.4980,0x002,steering_angle_deg,-79.49,1
14.5000,0x002,steering_angle_deg,174.04,1
14.5000,0x050,brake_pressure_bar,1.58,0
14.5000,0x100,speed_kmph,79.20,0
14.5020,0x002,steering_angle_deg,-69.11,1
14.5040,0x002,steering_angle_deg,82.13,1
14.5060,0x002,steering_angle_deg,-41.46,1
14.5080,0x002,steering_angle_deg,63.13,1
14.5100,0x002,steering_angle_deg,-97.57,1
14.5120,0x002,steering_angle_deg,-146.82,1
14.5140,0x002,steering_angle_deg,168.91,1
14.5160,0x002,steering_angle_deg,17.44,1
14.5180,0x002,steering_angle_deg,124.51,1
14.5200,0x002,steering_angle_deg,-141.07,1
14.5220,0x002,steering_angle_deg,18.87,1
14.5240,0x002,steering_angle_deg,-112.37,1
14.5260,0x002,steering_angle_deg,116.20,1
14.5280,0x002,steering_angle_deg,-97.99,1
14.5300,0x002,steering_angle_deg,-154.78,1
14.5320,0x002,steering_angle_deg,-155.73,1
14.5340,0x002,steering_angle_deg,145.43,1
14.5360,0x002,steering_angle_deg,115.43,1
14.5380,0x002,steering_angle_deg,144.76,1
14.5400,0x002,steering_angle_deg,110.24,1
14.5420,0x002,steering_angle_deg,81.28,1
14.5440,0x002,steering_angle_deg,-93.82,1
14.5460,0x002,steering_angle_deg,165.47,1
14.5480,0x002,steering_angle_deg,-152.15,1
14.5500,0x002,steering_angle_deg,-175.25,1
14.5520,0x002,steering_angle_deg,-131.11,1
14.5540,0x002,steering_angle_deg,31.68,1
14.5560,0x002,steering_angle_deg,-89.00,1
14.5580,0x002,steering_angle_deg,-27.79,1
14.5600,0x002,steering_angle_deg,-150.66,1
14.5620,0x002,steering_angle_deg,-94.54,1
14.5640,0x002,steering_angle_deg,134.85,1
14.5660,0x002,steering_angle_deg,71.08,1
14.5680,0x002,steering_angle_deg,116.70,1
14.5700,0x002,steering_angle_deg,129.20,1
14.5720,0x002,steering_angle_deg,12.07,1
14.5740,0x002,steering_angle_deg,23.10,1
14.5760,0x002,steering_angle_deg,21.53,1
14.5780,0x002,steering_angle_deg,58.00,1
14.5800,0x002,steering_angle_deg,157.33,1
14.5820,0x002,steering_angle_deg,89.11,1
14.5840,0x002,steering_angle_deg,170.92,1
14.5860,0x002,steering_angle_deg,-87.97,1
14.5880,0x002,steering_angle_deg,-142.69,1
14.5900,0x002,steering_angle_deg,-160.94,1
14.5920,0x002,steering_angle_deg,147.47,1
14.5940,0x002,steering_angle_deg,104.32,1
14.5960,0x002,steering_angle_deg,93.95,1
14.5980,0x002,steering_angle_deg,94.79,1
14.6000,0x002,steering_angle_deg,30.08,1
14.6000,0x050,brake_pressure_bar,3.76,0
14.6000,0x100,speed_kmph,79.56,0
14.6020,0x002,steering_angle_deg,69.10,1
14.6040,0x002,steering_angle_deg,-153.99,1
14.6060,0x002,steering_angle_deg,-81.06,1
14.6080,0x002,steering_angle_deg,-128.06,1
14.6100,0x002,steering_angle_deg,-47.93,1
14.6120,0x002,steering_angle_deg,179.68,1
14.6140,0x002,steering_angle_deg,-20.83,1
14.6160,0x002,steering_angle_deg,-69.85,1
14.6180,0x002,steering_angle_deg,127.32,1
14.6200,0x002,steering_angle_deg,-68.70,1
14.6220,0x002,steering_angle_deg,48.90,1
14.6240,0x002,steering_angle_deg,-80.19,1
14.6260,0x002,steering_angle_deg,152.38,1
14.6280,0x002,steering_angle_deg,-110.92,1
14.6300,0x002,steering_angle_deg,-14.25,1
14.6320,0x002,steering_angle_deg,-143.38,1
14.6340,0x002,steering_angle_deg,-161.11,1
14.6360,0x002,steering_angle_deg,-83.60,1
14.6380,0x002,steering_angle_deg,-128.10,1
14.6400,0x002,steering_angle_deg,-55.04,1
14.6420,0x002,steering_angle_deg,42.09,1
14.6440,0x002,steering_angle_deg,102.69,1
14.6460,0x002,steering_angle_deg,-159.44,1
14.6480,0x002,steering_angle_deg,-90.25,1
14.6500,0x002,steering_angle_deg,-163.07,1
14.6520,0x002,steering_angle_deg,52.30,1
14.6540,0x002,steering_angle_deg,-11.82,1
14.6560,0x002,steering_angle_deg,-8.84,1
14.6580,0x002,steering_angle_deg,-118.12,1
14.6600,0x002,steering_angle_deg,47.51,1
14.6620,0x002,steering_angle_deg,-176.78,1
14.6640,0x002,steering_angle_deg,130.78,1
14.6660,0x002,steering_angle_deg,107.37,1
14.6680,0x002,steering_angle_deg,-144.95,1
14.6700,0x002,steering_angle_deg,-95.48,1
14.6720,0x002,steering_angle_deg,14.82,1
14.6740,0x002,steering_angle_deg,106.57,1
14.6760,0x002,steering_angle_deg,-104.18,1
14.6780,0x002,steering_angle_deg,139.08,1
14.6800,0x002,steering_angle_deg,-29.92,1
14.6820,0x002,steering_angle_deg,155.83,1
14.6840,0x002,steering_angle_deg,-156.92,1
14.6860,0x002,steering_angle_deg,-22.84,1
14.6880,0x002,steering_angle_deg,-141.17,1
14.6900,0x002,steering_angle_deg,-129.22,1
14.6920,0x002,steering_angle_deg,-123.56,1
14.6940,0x002,steering_angle_deg,-98.91,1
14.6960,0x002,steering_angle_deg,129.82,1
14.6980,0x002,steering_angle_deg,141.31,1
14.7000,0x002,steering_angle_deg,0.05,1
14.7000,0x050,brake_pressure_bar,2.74,0
14.7000,0x100,speed_kmph,80.29,0
14.7020,0x002,steering_angle_deg,162.83,1
14.7040,0x002,steering_angle_deg,-75.25,1
14.7060,0x002,steering_angle_deg,-92.88,1
14.7080,0x002,steering_angle_deg,16.98,1
14.7100,0x002,steering_angle_deg,2.32,1
14.7120,0x002,steering_angle_deg,-127.41,1
14.7140,0x002,steering_angle_deg,179.99,1
14.7160,0x002,steering_angle_deg,134.17,1
14.7180,0x002,steering_angle_deg,5.69,1
14.7200,0x002,steering_angle_deg,-141.92,1
14.7220,0x002,steering_angle_deg,32.38,1
14.7240,0x002,steering_angle_deg,64.07,1
14.7260,0x002,steering_angle_deg,-108.81,1
14.7280,0x002,steering_angle_deg,-97.31,1
14.7300,0x002,steering_angle_deg,-93.46,1
14.7320,0x002,steering_angle_deg,-83.38,1
14.7340,0x002,steering_angle_deg,112.88,1
14.7360,0x002,steering_angle_deg,105.10,1
14.7380,0x002,steering_angle_deg,-165.14,1
14.7400,0x002,steering_angle_deg,-124.54,1
14.7420,0x002,steering_angle_deg,132.17,1
14.7440,0x002,steering_angle_deg,-128.02,1
14.7460,0x002,steering_angle_deg,-173.43,1
14.7480,0x002,steering_angle_deg,-9.38,1
14.7500,0x002,steering_angle_deg,-31.27,1
14.7520,0x002,steering_angle_deg,-18.96,1
14.7540,0x002,steering_angle_deg,87.27,1
14.7560,0x002,steering_angle_deg,-50.25,1
14.7580,0x002,steering_angle_deg,-128.78,1
14.7600,0x002,steering_angle_deg,21.44,1
14.7620,0x002,steering_angle_deg,44.83,1
14.7640,0x002,steering_angle_deg,156.22,1
14.7660,0x002,steering_angle_deg,-37.19,1
14.7680,0x002,steering_angle_deg,158.02,1
14.7700,0x002,steering_angle_deg,-77.79,1
14.7720,0x002,steering_angle_deg,-156.21,1
14.7740,0x002,steering_angle_deg,97.00,1
14.7760,0x002,steering_angle_deg,-24.24,1
14.7780,0x002,steering_angle_deg,-64.44,1
14.7800,0x002,steering_angle_deg,-120.95,1
14.7820,0x002,steering_angle_deg,144.59,1
14.7840,0x002,steering_angle_deg,-77.83,1
14.7860,0x002,steering_angle_deg,140.99,1
14.7880,0x002,steering_angle_deg,-35.09,1
14.7900,0x002,steering_angle_deg,-47.69,1
14.7920,0x002,steering_angle_deg,167.85,1
14.7940,0x002,steering_angle_deg,-48.19,1
14.7960,0x002,steering_angle_deg,67.94,1
14.7980,0x002,steering_angle_deg,-40.47,1
14.8000,0x002,steering_angle_deg,-1.61,1
14.8000,0x050,brake_pressure_bar,3.23,0
14.8000,0x100,speed_kmph,80.08,0
14.8020,0x002,steering_angle_deg,-86.98,1
14.8040,0x002,steering_angle_deg,39.99,1
14.8060,0x002,steering_angle_deg,63.46,1
14.8080,0x002,steering_angle_deg,-133.65,1
14.8100,0x002,steering_angle_deg,131.29,1
14.8120,0x002,steering_angle_deg,8.27,1
14.8140,0x002,steering_angle_deg,-87.44,1
14.8160,0x002,steering_angle_deg,-65.04,1
14.8180,0x002,steering_angle_deg,-115.02,1
14.8200,0x002,steering_angle_deg,49.07,1
14.8220,0x002,steering_angle_deg,-36.94,1
14.8240,0x002,steering_angle_deg,-84.69,1
14.8260,0x002,steering_angle_deg,-89.97,1
14.8280,0x002,steering_angle_deg,105.98,1
14.8300,0x002,steering_angle_deg,-172.61,1
14.8320,0x002,steering_angle_deg,-74.81,1
14.8340,0x002,steering_angle_deg,60.91,1
14.8360,0x002,steering_angle_deg,79.89,1
14.8380,0x002,steering_angle_deg,-69.69,1
14.8400,0x002,steering_angle_deg,-52.66,1
14.8420,0x002,steering_angle_deg,-33.61,1
14.8440,0x002,steering_angle_deg,-125.17,1
14.8460,0x002,steering_angle_deg,-171.90,1
14.8480,0x002,steering_angle_deg,10.61,1
14.8500,0x002,steering_angle_deg,32.03,1
14.8520,0x002,steering_angle_deg,68.53,1
14.8540,0x002,steering_angle_deg,160.32,1
14.8560,0x002,steering_angle_deg,-124.72,1
14.8580,0x002,steering_angle_deg,140.30,1
14.8600,0x002,steering_angle_deg,80.34,1
14.8620,0x002,steering_angle_deg,31.14,1
14.8640,0x002,steering_angle_deg,-92.71,1
14.8660,0x002,steering_angle_deg,-112.47,1
14.8680,0x002,steering_angle_deg,175.75,1
14.8700,0x002,steering_angle_deg,-131.33,1
14.8720,0x002,steering_angle_deg,-32.23,1
14.8740,0x002,steering_angle_deg,-92.77,1
14.8760,0x002,steering_angle_deg,-105.67,1
14.8780,0x002,steering_angle_deg,-173.03,1
14.8800,0x002,steering_angle_deg,87.49,1
14.8820,0x002,steering_angle_deg,138.06,1
14.8840,0x002,steering_angle_deg,-59.30,1
14.8860,0x002,steering_angle_deg,-47.51,1
14.8880,0x002,steering_angle_deg,-114.13,1
14.8900,0x002,steering_angle_deg,-63.04,1
14.8920,0x002,steering_angle_deg,-69.52,1
14.8940,0x002,steering_angle_deg,-168.88,1
14.8960,0x002,steering_angle_deg,-1.50,1
14.8980,0x002,steering_angle_deg,-81.02,1
14.9000,0x002,steering_angle_deg,53.62,1
14.9000,0x050,brake_pressure_bar,0.57,0
14.9000,0x100,speed_kmph,80.35,0
14.9020,0x002,steering_angle_deg,71.68,1
14.9040,0x002,steering_angle_deg,130.13,1
14.9060,0x002,steering_angle_deg,-105.98,1
14.9080,0x002,steering_angle_deg,120.48,1
14.9100,0x002,steering_angle_deg,149.42,1
14.9120,0x002,steering_angle_deg,104.37,1
14.9140,0x002,steering_angle_deg,140.31,1
14.9160,0x002,steering_angle_deg,45.14,1
14.9180,0x002,steering_angle_deg,-82.88,1
14.9200,0x002,steering_angle_deg,150.63,1
14.9220,0x002,steering_angle_deg,38.45,1
14.9240,0x002,steering_angle_deg,-77.01,1
14.9260,0x002,steering_angle_deg,7.44,1
14.9280,0x002,steering_angle_deg,-54.33,1
14.9300,0x002,steering_angle_deg,169.73,1
14.9320,0x002,steering_angle_deg,58.47,1
14.9340,0x002,steering_angle_deg,7.06,1
14.9360,0x002,steering_angle_deg,6.11,1
14.9380,0x002,steering_angle_deg,-149.81,1
14.9400,0x002,steering_angle_deg,-9.38,1
14.9420,0x002,steering_angle_deg,-13.27,1
14.9440,0x002,steering_angle_deg,101.95,1
14.9460,0x002,steering_angle_deg,141.56,1
14.9480,0x002,steering_angle_deg,-128.74,1
14.9500,0x002,steering_angle_deg,130.33,1
14.9520,0x002,steering_angle_deg,106.90,1
14.9540,0x002,steering_angle_deg,56.07,1
14.9560,0x002,steering_angle_deg,-90.55,1
14.9580,0x002,steering_angle_deg,-176.29,1
14.9600,0x002,steering_angle_deg,-114.79,1
14.9620,0x002,steering_angle_deg,99.88,1
14.9640,0x002,steering_angle_deg,22.99,1
14.9660,0x002,steering_angle_deg,-52.71,1
14.9680,0x002,steering_angle_deg,-162.36,1
14.9700,0x002,steering_angle_deg,-67.69,1
14.9720,0x002,steering_angle_deg,157.75,1
14.9740,0x002,steering_angle_deg,-16.28,1
14.9760,0x002,steering_angle_deg,126.28,1
14.9780,0x002,steering_angle_deg,74.99,1
14.9800,0x002,steering_angle_deg,87.24,1
14.9820,0x002,steering_angle_deg,-0.41,1
14.9840,0x002,steering_angle_deg,85.10,1
14.9860,0x002,steering_angle_deg,-162.42,1
14.9880,0x002,steering_angle_deg,123.15,1
14.9900,0x002,steering_angle_deg,52.90,1
14.9920,0x002,steering_angle_deg,42.20,1
14.9940,0x002,steering_angle_deg,-31.12,1
14.9960,0x002,steering_angle_deg,-156.98,1
14.9980,0x002,steering_angle_deg,42.91,1
15.0000,0x002,steering_angle_deg,-19.23,1
15.0000,0x050,brake_pressure_bar,88.01,0
15.0000,0x100,speed_kmph,80.02,0
15.0020,0x002,steering_angle_deg,9.25,0
15.0220,0x002,steering_angle_deg,8.76,0
15.0420,0x002,steering_angle_deg,8.62,0
15.0620,0x002,steering_angle_deg,9.41,0
15.0820,0x002,steering_angle_deg,9.73,0
15.1000,0x050,brake_pressure_bar,84.76,0
15.1000,0x100,speed_kmph,79.94,0
15.1020,0x002,steering_angle_deg,8.92,0
15.1220,0x002,steering_angle_deg,9.64,0
15.1420,0x002,steering_angle_deg,8.92,0
15.1620,0x002,steering_angle_deg,10.62,0
15.1820,0x002,steering_angle_deg,9.89,0
15.2000,0x050,brake_pressure_bar,95.13,0
15.2000,0x100,speed_kmph,79.41,0
15.2020,0x002,steering_angle_deg,9.85,0
15.2220,0x002,steering_angle_deg,10.31,0
15.2420,0x002,steering_angle_deg,10.37,0
15.2620,0x002,steering_angle_deg,10.73,0
15.2820,0x002,steering_angle_deg,10.24,0
15.3000,0x050,brake_pressure_bar,94.09,0
15.3000,0x100,speed_kmph,80.19,0
15.3020,0x002,steering_angle_deg,9.92,0
15.3220,0x002,steering_angle_deg,10.09,0
15.3420,0x002,steering_angle_deg,9.20,0
15.3620,0x002,steering_angle_deg,9.91,0
15.3820,0x002,steering_angle_deg,8.88,0
15.4000,0x050,brake_pressure_bar,93.81,0
15.4000,0x100,speed_kmph,80.00,0
15.4020,0x002,steering_angle_deg,10.26,0
15.4220,0x002,steering_angle_deg,10.45,0
15.4420,0x002,steering_angle_deg,10.77,0
15.4620,0x002,steering_angle_deg,10.68,0
15.4820,0x002,steering_angle_deg,9.36,0
15.5000,0x050,brake_pressure_bar,95.60,0
15.5000,0x100,speed_kmph,79.88,0
15.5020,0x002,steering_angle_deg,9.62,0
15.5220,0x002,steering_angle_deg,10.32,0
15.5420,0x002,steering_angle_deg,9.67,0
15.5620,0x002,steering_angle_deg,10.13,0
15.5820,0x002,steering_angle_deg,9.73,0
15.6000,0x050,brake_pressure_bar,82.99,0
15.6000,0x100,speed_kmph,80.43,0
15.6020,0x002,steering_angle_deg,10.94,0
15.6220,0x002,steering_angle_deg,10.53,0
15.6420,0x002,steering_angle_deg,10.86,0
15.6620,0x002,steering_angle_deg,10.60,0
15.6820,0x002,steering_angle_deg,10.09,0
15.7000,0x050,brake_pressure_bar,98.29,0
15.7000,0x100,speed_kmph,80.09,0
15.7020,0x002,steering_angle_deg,10.57,0
15.7220,0x002,steering_angle_deg,9.47,0
15.7420,0x002,steering_angle_deg,9.35,0
15.7620,0x002,steering_angle_deg,10.61,0
15.7820,0x002,steering_angle_deg,10.01,0
15.8000,0x050,brake_pressure_bar,88.01,0
15.8000,0x100,speed_kmph,79.18,0
15.8020,0x002,steering_angle_deg,10.44,0
15.8220,0x002,steering_angle_deg,9.59,0
15.8420,0x002,steering_angle_deg,10.32,0
15.8620,0x002,steering_angle_deg,9.60,0
15.8820,0x002,steering_angle_deg,9.46,0
15.9000,0x050,brake_pressure_bar,83.37,0
15.9000,0x100,speed_kmph,79.22,0
15.9020,0x002,steering_angle_deg,9.78,0
15.9220,0x002,steering_angle_deg,10.27,0
15.9420,0x002,steering_angle_deg,10.55,0
15.9620,0x002,steering_angle_deg,10.40,0
15.9820,0x002,steering_angle_deg,9.76,0
16.0000,0x050,brake_pressure_bar,82.37,0
16.0000,0x100,speed_kmph,79.18,0
16.0020,0x002,steering_angle_deg,8.93,0
16.0220,0x002,steering_angle_deg,10.52,0
16.0420,0x002,steering_angle_deg,8.88,0
16.0620,0x002,steering_angle_deg,10.83,0
16.0820,0x002,steering_angle_deg,10.35,0
16.1000,0x050,brake_pressure_bar,80.28,0
16.1000,0x100,speed_kmph,79.12,0
16.1020,0x002,steering_angle_deg,10.45,0
16.1220,0x002,steering_angle_deg,9.48,0
16.1420,0x002,steering_angle_deg,10.69,0
16.1620,0x002,steering_angle_deg,9.68,0
16.1820,0x002,steering_angle_deg,8.94,0
16.2000,0x050,brake_pressure_bar,86.85,0
16.2000,0x100,speed_kmph,80.09,0
16.2020,0x002,steering_angle_deg,9.68,0
16.2220,0x002,steering_angle_deg,9.47,0
16.2420,0x002,steering_angle_deg,10.38,0
16.2620,0x002,steering_angle_deg,9.06,0
16.2820,0x002,steering_angle_deg,10.13,0
16.3000,0x050,brake_pressure_bar,90.25,0
16.3000,0x100,speed_kmph,79.19,0
16.3020,0x002,steering_angle_deg,8.57,0
16.3220,0x002,steering_angle_deg,9.43,0
16.3420,0x002,steering_angle_deg,9.21,0
16.3620,0x002,steering_angle_deg,8.74,0
16.3820,0x002,steering_angle_deg,9.51,0
16.4000,0x050,brake_pressure_bar,93.06,0
16.4000,0x100,speed_kmph,80.44,0
16.4020,0x002,steering_angle_deg,9.03,0
16.4220,0x002,steering_angle_deg,9.85,0
16.4420,0x002,steering_angle_deg,9.66,0
16.4620,0x002,steering_angle_deg,9.78,0
16.4820,0x002,steering_angle_deg,8.32,0
16.5000,0x050,brake_pressure_bar,82.45,0
16.5000,0x100,speed_kmph,79.61,0
16.5020,0x002,steering_angle_deg,9.54,0
16.5220,0x002,steering_angle_deg,9.65,0
16.5420,0x002,steering_angle_deg,8.93,0
16.5620,0x002,steering_angle_deg,9.48,0
16.5820,0x002,steering_angle_deg,9.30,0
16.6000,0x050,brake_pressure_bar,91.30,0
16.6000,0x100,speed_kmph,80.11,0
16.6020,0x002,steering_angle_deg,9.04,0
16.6220,0x002,steering_angle_deg,8.58,0
16.6420,0x002,steering_angle_deg,9.18,0
16.6620,0x002,steering_angle_deg,8.19,0
16.6820,0x002,steering_angle_deg,8.10,0
16.7000,0x050,brake_pressure_bar,86.43,0
16.7000,0x100,speed_kmph,80.50,0
16.7020,0x002,steering_angle_deg,8.19,0
16.7220,0x002,steering_angle_deg,7.93,0
16.7420,0x002,steering_angle_deg,7.81,0
16.7620,0x002,steering_angle_deg,8.20,0
16.7820,0x002,steering_angle_deg,9.27,0
16.8000,0x050,brake_pressure_bar,96.52,0
16.8000,0x100,speed_kmph,79.22,0
16.8020,0x002,steering_angle_deg,8.14,0
16.8220,0x002,steering_angle_deg,8.01,0
16.8420,0x002,steering_angle_deg,9.03,0
16.8620,0x002,steering_angle_deg,8.87,0
16.8820,0x002,steering_angle_deg,7.72,0
16.9000,0x050,brake_pressure_bar,83.34,0
16.9000,0x100,speed_kmph,80.99,0
16.9020,0x002,steering_angle_deg,8.23,0
16.9220,0x002,steering_angle_deg,8.09,0
16.9420,0x002,steering_angle_deg,8.71,0
16.9620,0x002,steering_angle_deg,7.69,0
16.9820,0x002,steering_angle_deg,7.85,0
17.0000,0x050,brake_pressure_bar,96.92,0
17.0000,0x100,speed_kmph,80.25,0
17.0020,0x002,steering_angle_deg,7.97,0
17.0220,0x002,steering_angle_deg,8.71,0
17.0420,0x002,steering_angle_deg,8.41,0
17.0620,0x002,steering_angle_deg,7.43,0
17.0820,0x002,steering_angle_deg,6.89,0
17.1000,0x050,brake_pressure_bar,3.52,0
17.1000,0x100,speed_kmph,79.02,0
17.1020,0x002,steering_angle_deg,8.32,0
17.1220,0x002,steering_angle_deg,7.72,0
17.1420,0x002,steering_angle_deg,7.24,0
17.1620,0x002,steering_angle_deg,7.18,0
17.1820,0x002,steering_angle_deg,8.26,0
17.2000,0x050,brake_pressure_bar,3.49,0
17.2000,0x100,speed_kmph,80.52,0
17.2020,0x002,steering_angle_deg,7.32,0
17.2220,0x002,steering_angle_deg,8.22,0
17.2420,0x002,steering_angle_deg,6.29,0
17.2620,0x002,steering_angle_deg,6.68,0
17.2820,0x002,steering_angle_deg,7.30,0
17.3000,0x050,brake_pressure_bar,3.38,0
17.3000,0x100,speed_kmph,79.62,0
17.3020,0x002,steering_angle_deg,6.13,0
17.3220,0x002,steering_angle_deg,6.31,0
17.3420,0x002,steering_angle_deg,7.54,0
17.3620,0x002,steering_angle_deg,6.59,0
17.3820,0x002,steering_angle_deg,7.68,0
17.4000,0x050,brake_pressure_bar,2.92,0
17.4000,0x100,speed_kmph,79.22,0
17.4020,0x002,steering_angle_deg,7.08,0
17.4220,0x002,steering_angle_deg,6.61,0
17.4420,0x002,steering_angle_deg,6.37,0
17.4620,0x002,steering_angle_deg,6.21,0
17.4820,0x002,steering_angle_deg,5.48,0
17.5000,0x050,brake_pressure_bar,2.28,0
17.5000,0x100,speed_kmph,79.55,0
17.5020,0x002,steering_angle_deg,6.01,0
17.5220,0x002,steering_angle_deg,5.59,0
17.5420,0x002,steering_angle_deg,6.55,0
17.5620,0x002,steering_angle_deg,5.58,0
17.5820,0x002,steering_angle_deg,6.68,0
17.6000,0x050,brake_pressure_bar,1.66,0
17.6000,0x100,speed_kmph,79.19,0
17.6020,0x002,steering_angle_deg,5.51,0
17.6220,0x002,steering_angle_deg,5.92,0
17.6420,0x002,steering_angle_deg,6.08,0
17.6620,0x002,steering_angle_deg,5.70,0
17.6820,0x002,steering_angle_deg,5.49,0
17.7000,0x050,brake_pressure_bar,3.25,0
17.7000,0x100,speed_kmph,80.00,0
17.7020,0x002,steering_angle_deg,5.64,0
17.7220,0x002,steering_angle_deg,5.33,0
17.7420,0x002,steering_angle_deg,4.71,0
17.7620,0x002,steering_angle_deg,4.98,0
17.7820,0x002,steering_angle_deg,4.71,0
17.8000,0x050,brake_pressure_bar,2.21,0
17.8000,0x100,speed_kmph,79.98,0
17.8020,0x002,steering_angle_deg,5.95,0
17.8220,0x002,steering_angle_deg,4.63,0
17.8420,0x002,steering_angle_deg,4.17,0
17.8620,0x002,steering_angle_deg,3.90,0
17.8820,0x002,steering_angle_deg,5.24,0
17.9000,0x050,brake_pressure_bar,4.22,0
17.9000,0x100,speed_kmph,79.37,0
17.9020,0x002,steering_angle_deg,5.05,0
17.9220,0x002,steering_angle_deg,5.06,0
17.9420,0x002,steering_angle_deg,4.42,0
17.9620,0x002,steering_angle_deg,3.56,0
17.9820,0x002,steering_angle_deg,4.34,0
18.0000,0x050,brake_pressure_bar,1.51,0
18.0000,0x100,speed_kmph,80.89,0
18.0020,0x002,steering_angle_deg,4.05,0
18.0220,0x002,steering_angle_deg,3.45,0
18.0420,0x002,steering_angle_deg,3.68,0
18.0620,0x002,steering_angle_deg,4.81,0
18.0820,0x002,steering_angle_deg,2.77,0
18.1000,0x050,brake_pressure_bar,3.74,0
18.1000,0x100,speed_kmph,80.40,0
18.1020,0x002,steering_angle_deg,3.74,0
18.1220,0x002,steering_angle_deg,3.10,0
18.1420,0x002,steering_angle_deg,2.79,0
18.1620,0x002,steering_angle_deg,3.76,0
18.1820,0x002,steering_angle_deg,2.68,0
18.2000,0x050,brake_pressure_bar,1.35,0
18.2000,0x100,speed_kmph,80.55,0
18.2020,0x002,steering_angle_deg,2.89,0
18.2220,0x002,steering_angle_deg,2.24,0
18.2420,0x002,steering_angle_deg,3.82,0
18.2620,0x002,steering_angle_deg,2.87,0
18.2820,0x002,steering_angle_deg,3.06,0
18.3000,0x050,brake_pressure_bar,0.61,0
18.3000,0x100,speed_kmph,79.58,0
18.3020,0x002,steering_angle_deg,3.03,0
18.3220,0x002,steering_angle_deg,2.20,0
18.3420,0x002,steering_angle_deg,2.49,0
18.3620,0x002,steering_angle_deg,3.39,0
18.3820,0x002,steering_angle_deg,1.93,0
18.4000,0x050,brake_pressure_bar,3.94,0
18.4000,0x100,speed_kmph,79.54,0
18.4020,0x002,steering_angle_deg,2.32,0
18.4220,0x002,steering_angle_deg,2.40,0
18.4420,0x002,steering_angle_deg,2.07,0
18.4620,0x002,steering_angle_deg,2.74,0
18.4820,0x002,steering_angle_deg,1.88,0
18.5000,0x050,brake_pressure_bar,0.71,0
18.5000,0x100,speed_kmph,80.78,0
18.5020,0x002,steering_angle_deg,2.18,0
18.5220,0x002,steering_angle_deg,1.92,0
18.5420,0x002,steering_angle_deg,1.31,0
18.5620,0x002,steering_angle_deg,1.51,0
18.5820,0x002,steering_angle_deg,1.44,0
18.6000,0x050,brake_pressure_bar,2.25,0
18.6000,0x100,speed_kmph,80.70,0
18.6020,0x002,steering_angle_deg,0.78,0
18.6220,0x002,steering_angle_deg,0.73,0
18.6420,0x002,steering_angle_deg,1.40,0
18.6620,0x002,steering_angle_deg,0.32,0
18.6820,0x002,steering_angle_deg,1.56,0
18.7000,0x050,brake_pressure_bar,3.58,0
18.7000,0x100,speed_kmph,80.41,0
18.7020,0x002,steering_angle_deg,1.64,0
18.7220,0x002,steering_angle_deg,1.35,0
18.7420,0x002,steering_angle_deg,1.52,0
18.7620,0x002,steering_angle_deg,0.59,0
18.7820,0x002,steering_angle_deg,0.07,0
18.8000,0x050,brake_pressure_bar,1.51,0
18.8000,0x100,speed_kmph,79.98,0
18.8020,0x002,steering_angle_deg,0.11,0
18.8220,0x002,steering_angle_deg,-0.52,0
18.8420,0x002,steering_angle_deg,0.39,0
18.8620,0x002,steering_angle_deg,0.67,0
18.8820,0x002,steering_angle_deg,-0.02,0
18.9000,0x050,brake_pressure_bar,0.62,0
18.9000,0x100,speed_kmph,80.65,0
18.9020,0x002,steering_angle_deg,0.55,0
18.9220,0x002,steering_angle_deg,0.50,0
18.9420,0x002,steering_angle_deg,-0.71,0
18.9620,0x002,steering_angle_deg,-1.37,0
18.9820,0x002,steering_angle_deg,-0.31,0
19.0000,0x050,brake_pressure_bar,2.48,0
19.0000,0x100,speed_kmph,80.22,0
19.0020,0x002,steering_angle_deg,-0.83,0
19.0220,0x002,steering_angle_deg,-0.53,0
19.0420,0x002,steering_angle_deg,-0.91,0
19.0620,0x002,steering_angle_deg,-0.21,0
19.0820,0x002,steering_angle_deg,-0.26,0
19.1000,0x050,brake_pressure_bar,1.63,0
19.1000,0x100,speed_kmph,80.32,0
19.1020,0x002,steering_angle_deg,-1.36,0
19.1220,0x002,steering_angle_deg,-0.97,0
19.1420,0x002,steering_angle_deg,-0.91,0
19.1620,0x002,steering_angle_deg,-0.68,0
19.1820,0x002,steering_angle_deg,-2.19,0
19.2000,0x050,brake_pressure_bar,2.84,0
19.2000,0x100,speed_kmph,79.11,0
19.2020,0x002,steering_angle_deg,-1.92,0
19.2220,0x002,steering_angle_deg,-2.02,0
19.2420,0x002,steering_angle_deg,-1.76,0
19.2620,0x002,steering_angle_deg,-1.49,0
19.2820,0x002,steering_angle_deg,-2.12,0
19.3000,0x050,brake_pressure_bar,1.61,0
19.3000,0x100,speed_kmph,80.05,0
19.3020,0x002,steering_angle_deg,-1.63,0
19.3220,0x002,steering_angle_deg,-2.03,0
19.3420,0x002,steering_angle_deg,-2.45,0
19.3620,0x002,steering_angle_deg,-1.64,0
19.3820,0x002,steering_angle_deg,-2.62,0
19.4000,0x050,brake_pressure_bar,3.97,0
19.4000,0x100,speed_kmph,79.16,0
19.4020,0x002,steering_angle_deg,-2.77,0
19.4220,0x002,steering_angle_deg,-3.59,0
19.4420,0x002,steering_angle_deg,-2.33,0
19.4620,0x002,steering_angle_deg,-2.84,0
19.4820,0x002,steering_angle_deg,-2.39,0
19.5000,0x050,brake_pressure_bar,1.45,0
19.5000,0x100,speed_kmph,79.97,0
19.5020,0x002,steering_angle_deg,-3.85,0
19.5220,0x002,steering_angle_deg,-3.74,0
19.5420,0x002,steering_angle_deg,-3.99,0
19.5620,0x002,steering_angle_deg,-2.49,0
19.5820,0x002,steering_angle_deg,-3.45,0
19.6000,0x050,brake_pressure_bar,0.54,0
19.6000,0x100,speed_kmph,80.04,0
19.6020,0x002,steering_angle_deg,-3.13,0
19.6220,0x002,steering_angle_deg,-2.88,0
19.6420,0x002,steering_angle_deg,-4.19,0
19.6620,0x002,steering_angle_deg,-3.45,0
19.6820,0x002,steering_angle_deg,-4.68,0
19.7000,0x050,brake_pressure_bar,1.00,0
19.7000,0x100,speed_kmph,80.48,0
19.7020,0x002,steering_angle_deg,-3.81,0
19.7220,0x002,steering_angle_deg,-4.62,0
19.7420,0x002,steering_angle_deg,-3.69,0
19.7620,0x002,steering_angle_deg,-4.62,0
19.7820,0x002,steering_angle_deg,-3.56,0
19.8000,0x050,brake_pressure_bar,4.91,0
19.8000,0x100,speed_kmph,79.68,0
19.8020,0x002,steering_angle_deg,-4.68,0
19.8220,0x002,steering_angle_deg,-3.79,0
19.8420,0x002,steering_angle_deg,-5.36,0
19.8620,0x002,steering_angle_deg,-4.73,0
19.8820,0x002,steering_angle_deg,-4.32,0
19.9000,0x050,brake_pressure_bar,4.96,0
19.9000,0x100,speed_kmph,80.25,0
19.9020,0x002,steering_angle_deg,-5.20,0
19.9220,0x002,steering_angle_deg,-5.30,0
19.9420,0x002,steering_angle_deg,-5.34,0
19.9620,0x002,steering_angle_deg,-5.87,0
19.9820,0x002,steering_angle_deg,-6.26,0
20.0000,0x050,brake_pressure_bar,1.38,0
20.0000,0x100,speed_kmph,79.30,0
20.0020,0x002,steering_angle_deg,-5.08,0
20.0220,0x002,steering_angle_deg,-6.15,0
20.0420,0x002,steering_angle_deg,-5.68,0
20.0620,0x002,steering_angle_deg,-5.85,0
20.0820,0x002,steering_angle_deg,-6.45,0
20.1000,0x050,brake_pressure_bar,3.87,0
20.1000,0x100,speed_kmph,80.56,0
20.1020,0x002,steering_angle_deg,-6.76,0
20.1220,0x002,steering_angle_deg,-5.40,0
20.1420,0x002,steering_angle_deg,-6.75,0
20.1620,0x002,steering_angle_deg,-6.52,0
20.1820,0x002,steering_angle_deg,-5.64,0
20.2000,0x050,brake_pressure_bar,1.00,0
20.2000,0x100,speed_kmph,79.21,0
20.2020,0x002,steering_angle_deg,-5.89,0
20.2220,0x002,steering_angle_deg,-5.69,0
20.2420,0x002,steering_angle_deg,-5.98,0
20.2620,0x002,steering_angle_deg,-6.95,0
20.2820,0x002,steering_angle_deg,-7.41,0
20.3000,0x050,brake_pressure_bar,4.60,0
20.3000,0x100,speed_kmph,80.12,0
20.3020,0x002,steering_angle_deg,-7.17,0
20.3220,0x002,steering_angle_deg,-7.29,0
20.3420,0x002,steering_angle_deg,-5.98,0
20.3620,0x002,steering_angle_deg,-6.68,0
20.3820,0x002,steering_angle_deg,-6.39,0
20.4000,0x050,brake_pressure_bar,3.73,0
20.4000,0x100,speed_kmph,79.75,0
20.4020,0x002,steering_angle_deg,-7.32,0
20.4220,0x002,steering_angle_deg,-7.70,0
20.4420,0x002,steering_angle_deg,-7.72,0
20.4620,0x002,steering_angle_deg,-6.69,0
20.4820,0x002,steering_angle_deg,-7.29,0
20.5000,0x050,brake_pressure_bar,2.99,0
20.5000,0x100,speed_kmph,79.82,0
20.5020,0x002,steering_angle_deg,-7.16,0
20.5220,0x002,steering_angle_deg,-6.82,0
20.5420,0x002,steering_angle_deg,-6.73,0
20.5620,0x002,steering_angle_deg,-7.13,0
20.5820,0x002,steering_angle_deg,-7.98,0
20.6000,0x050,brake_pressure_bar,0.96,0
20.6000,0x100,speed_kmph,80.17,0
20.6020,0x002,steering_angle_deg,-7.63,0
20.6220,0x002,steering_angle_deg,-6.89,0
20.6420,0x002,steering_angle_deg,-7.50,0
20.6620,0x002,steering_angle_deg,-7.13,0
20.6820,0x002,steering_angle_deg,-8.89,0
20.7000,0x050,brake_pressure_bar,0.63,0
20.7000,0x100,speed_kmph,80.37,0
20.7020,0x002,steering_angle_deg,-7.85,0
20.7220,0x002,steering_angle_deg,-8.32,0
20.7420,0x002,steering_angle_deg,-8.45,0
20.7620,0x002,steering_angle_deg,-7.42,0
20.7820,0x002,steering_angle_deg,-8.49,0
20.8000,0x050,brake_pressure_bar,3.04,0
20.8000,0x100,speed_kmph,80.86,0
20.8020,0x002,steering_angle_deg,-8.38,0
20.8220,0x002,steering_angle_deg,-8.45,0
20.8420,0x002,steering_angle_deg,-9.13,0
20.8620,0x002,steering_angle_deg,-7.46,0
20.8820,0x002,steering_angle_deg,-7.57,0
20.9000,0x050,brake_pressure_bar,0.31,0
20.9000,0x100,speed_kmph,79.08,0
20.9020,0x002,steering_angle_deg,-8.68,0
20.9220,0x002,steering_angle_deg,-9.56,0
20.9420,0x002,steering_angle_deg,-9.37,0
20.9620,0x002,steering_angle_deg,-9.69,0
20.9820,0x002,steering_angle_deg,-9.58,0
21.0000,0x050,brake_pressure_bar,0.33,0
21.0000,0x100,speed_kmph,79.47,0
21.0020,0x002,steering_angle_deg,-7.98,0
21.0220,0x002,steering_angle_deg,-9.47,0
21.0420,0x002,steering_angle_deg,-8.76,0
21.0620,0x002,steering_angle_deg,-9.94,0
21.0820,0x002,steering_angle_deg,-9.32,0
21.1000,0x050,brake_pressure_bar,4.53,0
21.1000,0x100,speed_kmph,80.52,0
21.1020,0x002,steering_angle_deg,-8.53,0
21.1220,0x002,steering_angle_deg,-8.88,0
21.1420,0x002,steering_angle_deg,-8.52,0
21.1620,0x002,steering_angle_deg,-9.01,0
21.1820,0x002,steering_angle_deg,-9.79,0
21.2000,0x050,brake_pressure_bar,1.87,0
21.2000,0x100,speed_kmph,79.51,0
21.2020,0x002,steering_angle_deg,-9.06,0
21.2220,0x002,steering_angle_deg,-9.01,0
21.2420,0x002,steering_angle_deg,-8.42,0
21.2620,0x002,steering_angle_deg,-8.56,0
21.2820,0x002,steering_angle_deg,-9.89,0
21.3000,0x050,brake_pressure_bar,0.07,0
21.3000,0x100,speed_kmph,80.94,0
21.3020,0x002,steering_angle_deg,-8.82,0
21.3220,0x002,steering_angle_deg,-9.44,0
21.3420,0x002,steering_angle_deg,-9.30,0
21.3620,0x002,steering_angle_deg,-8.68,0
21.3820,0x002,steering_angle_deg,-9.10,0
21.4000,0x050,brake_pressure_bar,2.97,0
21.4000,0x100,speed_kmph,79.99,0
21.4020,0x002,steering_angle_deg,-10.04,0
21.4220,0x002,steering_angle_deg,-10.00,0
21.4420,0x002,steering_angle_deg,-10.58,0
21.4620,0x002,steering_angle_deg,-8.97,0
21.4820,0x002,steering_angle_deg,-10.24,0
21.5000,0x050,brake_pressure_bar,4.58,0
21.5000,0x100,speed_kmph,79.73,0
21.5020,0x002,steering_angle_deg,-9.78,0
21.5220,0x002,steering_angle_deg,-10.28,0
21.5420,0x002,steering_angle_deg,-9.45,0
21.5620,0x002,steering_angle_deg,-9.96,0
21.5820,0x002,steering_angle_deg,-10.19,0
21.6000,0x050,brake_pressure_bar,4.27,0
21.6000,0x100,speed_kmph,79.38,0
21.6020,0x002,steering_angle_deg,-9.05,0
21.6220,0x002,steering_angle_deg,-9.72,0
21.6420,0x002,steering_angle_deg,-9.27,0
21.6620,0x002,steering_angle_deg,-9.51,0
21.6820,0x002,steering_angle_deg,-9.46,0
21.7000,0x050,brake_pressure_bar,0.33,0
21.7000,0x100,speed_kmph,80.85,0
21.7020,0x002,steering_angle_deg,-9.10,0
21.7220,0x002,steering_angle_deg,-9.59,0
21.7420,0x002,steering_angle_deg,-9.79,0
21.7620,0x002,steering_angle_deg,-10.02,0
21.7820,0x002,steering_angle_deg,-10.78,0
21.8000,0x050,brake_pressure_bar,1.19,0
21.8000,0x100,speed_kmph,80.23,0
21.8020,0x002,steering_angle_deg,-10.85,0
21.8220,0x002,steering_angle_deg,-9.28,0
21.8420,0x002,steering_angle_deg,-10.00,0
21.8620,0x002,steering_angle_deg,-10.35,0
21.8820,0x002,steering_angle_deg,-9.53,0
21.9000,0x050,brake_pressure_bar,2.56,0
21.9000,0x100,speed_kmph,79.33,0
21.9020,0x002,steering_angle_deg,-9.14,0
21.9220,0x002,steering_angle_deg,-10.37,0
21.9420,0x002,steering_angle_deg,-10.66,0
21.9620,0x002,steering_angle_deg,-10.89,0
21.9820,0x002,steering_angle_deg,-9.38,0
22.0000,0x050,brake_pressure_bar,3.14,0
22.0000,0x100,speed_kmph,80.61,0
22.0020,0x002,steering_angle_deg,-10.03,0
22.0220,0x002,steering_angle_deg,-9.61,0
22.0420,0x002,steering_angle_deg,-9.65,0
22.0620,0x002,steering_angle_deg,-9.52,0
22.0820,0x002,steering_angle_deg,-9.81,0
22.1000,0x050,brake_pressure_bar,0.44,0
22.1000,0x100,speed_kmph,80.62,0
22.1020,0x002,steering_angle_deg,-9.55,0
22.1220,0x002,steering_angle_deg,-9.91,0
22.1420,0x002,steering_angle_deg,-10.50,0
22.1620,0x002,steering_angle_deg,-9.28,0
22.1820,0x002,steering_angle_deg,-10.34,0
22.2000,0x050,brake_pressure_bar,1.83,0
22.2000,0x100,speed_kmph,79.88,0
22.2020,0x002,steering_angle_deg,-9.36,0
22.2220,0x002,steering_angle_deg,-9.30,0
22.2420,0x002,steering_angle_deg,-10.84,0
22.2620,0x002,steering_angle_deg,-10.19,0
22.2820,0x002,steering_angle_deg,-10.12,0
22.3000,0x050,brake_pressure_bar,4.27,0
22.3000,0x100,speed_kmph,80.40,0
22.3020,0x002,steering_angle_deg,-10.58,0
22.3220,0x002,steering_angle_deg,-9.23,0
22.3420,0x002,steering_angle_deg,-9.45,0
22.3620,0x002,steering_angle_deg,-8.99,0
22.3820,0x002,steering_angle_deg,-9.40,0
22.4000,0x050,brake_pressure_bar,2.88,0
22.4000,0x100,speed_kmph,79.15,0
22.4020,0x002,steering_angle_deg,-9.65,0
22.4220,0x002,steering_angle_deg,-10.76,0
22.4420,0x002,steering_angle_deg,-9.50,0
22.4620,0x002,steering_angle_deg,-10.53,0
22.4820,0x002,steering_angle_deg,-8.87,0
22.5000,0x050,brake_pressure_bar,2.29,0
22.5000,0x100,speed_kmph,79.34,0
22.5020,0x002,steering_angle_deg,-9.91,0
22.5220,0x002,steering_angle_deg,-9.99,0
22.5420,0x002,steering_angle_deg,-10.29,0
22.5620,0x002,steering_angle_deg,-10.48,0
22.5820,0x002,steering_angle_deg,-10.12,0
22.6000,0x050,brake_pressure_bar,4.83,0
22.6000,0x100,speed_kmph,79.92,0
22.6020,0x002,steering_angle_deg,-10.43,0
22.6220,0x002,steering_angle_deg,-9.39,0
22.6420,0x002,steering_angle_deg,-8.57,0
22.6620,0x002,steering_angle_deg,-9.89,0
22.6820,0x002,steering_angle_deg,-10.20,0
22.7000,0x050,brake_pressure_bar,2.78,0
22.7000,0x100,speed_kmph,79.06,0
22.7020,0x002,steering_angle_deg,-9.01,0
22.7220,0x002,steering_angle_deg,-8.84,0
22.7420,0x002,steering_angle_deg,-8.41,0
22.7620,0x002,steering_angle_deg,-8.36,0
22.7820,0x002,steering_angle_deg,-9.14,0
22.8000,0x050,brake_pressure_bar,1.26,0
22.8000,0x100,speed_kmph,79.59,0
22.8020,0x002,steering_angle_deg,-8.92,0
22.8220,0x002,steering_angle_deg,-9.05,0
22.8420,0x002,steering_angle_deg,-8.38,0
22.8620,0x002,steering_angle_deg,-9.44,0
22.8820,0x002,steering_angle_deg,-8.31,0
22.9000,0x050,brake_pressure_bar,3.35,0
22.9000,0x100,speed_kmph,79.14,0
22.9020,0x002,steering_angle_deg,-8.51,0
22.9220,0x002,steering_angle_deg,-9.37,0
22.9420,0x002,steering_angle_deg,-9.76,0
22.9620,0x002,steering_angle_deg,-8.91,0
22.9820,0x002,steering_angle_deg,-8.46,0
23.0000,0x050,brake_pressure_bar,4.39,0
23.0000,0x100,speed_kmph,80.76,0
23.0020,0x002,steering_angle_deg,-9.15,0
23.0220,0x002,steering_angle_deg,-8.10,0
23.0420,0x002,steering_angle_deg,-8.33,0
23.0620,0x002,steering_angle_deg,-7.80,0
23.0820,0x002,steering_angle_deg,-8.66,0
23.1000,0x050,brake_pressure_bar,3.14,0
23.1000,0x100,speed_kmph,80.12,0
23.1020,0x002,steering_angle_deg,-8.22,0
23.1220,0x002,steering_angle_deg,-8.84,0
23.1420,0x002,steering_angle_deg,-8.24,0
23.1620,0x002,steering_angle_deg,-7.55,0
23.1820,0x002,steering_angle_deg,-7.35,0
23.2000,0x050,brake_pressure_bar,0.91,0
23.2000,0x100,speed_kmph,79.39,0
23.2020,0x002,steering_angle_deg,-7.83,0
23.2220,0x002,steering_angle_deg,-7.28,0
23.2420,0x002,steering_angle_deg,-8.09,0
23.2620,0x002,steering_angle_deg,-8.02,0
23.2820,0x002,steering_angle_deg,-7.46,0
23.3000,0x050,brake_pressure_bar,4.80,0
23.3000,0x100,speed_kmph,80.20,0
23.3020,0x002,steering_angle_deg,-8.36,0
23.3220,0x002,steering_angle_deg,-8.00,0
23.3420,0x002,steering_angle_deg,-7.23,0
23.3620,0x002,steering_angle_deg,-7.18,0
23.3820,0x002,steering_angle_deg,-7.30,0
23.4000,0x050,brake_pressure_bar,2.77,0
23.4000,0x100,speed_kmph,80.01,0
23.4020,0x002,steering_angle_deg,-7.06,0
23.4220,0x002,steering_angle_deg,-8.38,0
23.4420,0x002,steering_angle_deg,-6.89,0
23.4620,0x002,steering_angle_deg,-7.57,0
23.4820,0x002,steering_angle_deg,-7.31,0
23.5000,0x050,brake_pressure_bar,1.07,0
23.5000,0x100,speed_kmph,79.37,0
23.5020,0x002,steering_angle_deg,-7.85,0
23.5220,0x002,steering_angle_deg,-7.79,0
23.5420,0x002,steering_angle_deg,-6.43,0
23.5620,0x002,steering_angle_deg,-6.74,0
23.5820,0x002,steering_angle_deg,-7.74,0
23.6000,0x050,brake_pressure_bar,4.30,0
23.6000,0x100,speed_kmph,80.82,0
23.6020,0x002,steering_angle_deg,-5.95,0
23.6220,0x002,steering_angle_deg,-7.44,0
23.6420,0x002,steering_angle_deg,-6.78,0
23.6620,0x002,steering_angle_deg,-6.80,0
23.6820,0x002,steering_angle_deg,-7.32,0
23.7000,0x050,brake_pressure_bar,2.60,0
23.7000,0x100,speed_kmph,80.39,0
23.7020,0x002,steering_angle_deg,-5.75,0
23.7220,0x002,steering_angle_deg,-6.31,0
23.7420,0x002,steering_angle_deg,-5.98,0
23.7620,0x002,steering_angle_deg,-7.29,0
23.7820,0x002,steering_angle_deg,-6.32,0
23.8000,0x050,brake_pressure_bar,3.91,0
23.8000,0x100,speed_kmph,80.87,0
23.8020,0x002,steering_angle_deg,-5.76,0
23.8220,0x002,steering_angle_deg,-5.38,0
23.8420,0x002,steering_angle_deg,-5.10,0
23.8620,0x002,steering_angle_deg,-5.97,0
23.8820,0x002,steering_angle_deg,-5.96,0
23.9000,0x050,brake_pressure_bar,3.15,0
23.9000,0x100,speed_kmph,79.97,0
23.9020,0x002,steering_angle_deg,-5.50,0
23.9220,0x002,steering_angle_deg,-5.25,0
23.9420,0x002,steering_angle_deg,-6.34,0
23.9620,0x002,steering_angle_deg,-4.83,0
23.9820,0x002,steering_angle_deg,-5.16,0
24.0000,0x050,brake_pressure_bar,1.65,0
24.0000,0x100,speed_kmph,79.96,0
24.0020,0x002,steering_angle_deg,-4.49,0
24.0220,0x002,steering_angle_deg,-4.84,0
24.0420,0x002,steering_angle_deg,-5.87,0
24.0620,0x002,steering_angle_deg,-5.26,0
24.0820,0x002,steering_angle_deg,-5.60,0
24.1000,0x050,brake_pressure_bar,0.66,0
24.1000,0x100,speed_kmph,79.77,0
24.1020,0x002,steering_angle_deg,-5.07,0
24.1220,0x002,steering_angle_deg,-5.56,0
24.1420,0x002,steering_angle_deg,-5.60,0
24.1620,0x002,steering_angle_deg,-4.73,0
24.1820,0x002,steering_angle_deg,-5.00,0
24.2000,0x050,brake_pressure_bar,1.42,0
24.2000,0x100,speed_kmph,79.22,0
24.2020,0x002,steering_angle_deg,-3.62,0
24.2220,0x002,steering_angle_deg,-3.70,0
24.2420,0x002,steering_angle_deg,-4.24,0
24.2620,0x002,steering_angle_deg,-4.00,0
24.2820,0x002,steering_angle_deg,-4.10,0
24.3000,0x050,brake_pressure_bar,0.65,0
24.3000,0x100,speed_kmph,79.23,0
24.3020,0x002,steering_angle_deg,-4.18,0
24.3220,0x002,steering_angle_deg,-4.70,0
24.3420,0x002,steering_angle_deg,-3.16,0
24.3620,0x002,steering_angle_deg,-4.04,0
24.3820,0x002,steering_angle_deg,-4.36,0
24.4000,0x050,brake_pressure_bar,4.08,0
24.4000,0x100,speed_kmph,80.89,0
24.4020,0x002,steering_angle_deg,-3.06,0
24.4220,0x002,steering_angle_deg,-3.50,0
24.4420,0x002,steering_angle_deg,-3.57,0
24.4620,0x002,steering_angle_deg,-2.89,0
24.4820,0x002,steering_angle_deg,-3.19,0
24.5000,0x050,brake_pressure_bar,4.85,0
24.5000,0x100,speed_kmph,80.41,0
24.5020,0x002,steering_angle_deg,-3.61,0
24.5220,0x002,steering_angle_deg,-2.95,0
24.5420,0x002,steering_angle_deg,-2.17,0
24.5620,0x002,steering_angle_deg,-3.78,0
24.5820,0x002,steering_angle_deg,-2.13,0
24.6000,0x050,brake_pressure_bar,3.82,0
24.6000,0x100,speed_kmph,79.46,0
24.6020,0x002,steering_angle_deg,-2.72,0
24.6220,0x002,steering_angle_deg,-3.28,0
24.6420,0x002,steering_angle_deg,-1.57,0
24.6620,0x002,steering_angle_deg,-1.48,0
24.6820,0x002,steering_angle_deg,-3.16,0
24.7000,0x050,brake_pressure_bar,4.84,0
24.7000,0x100,speed_kmph,79.32,0
24.7020,0x002,steering_angle_deg,-1.30,0
24.7220,0x002,steering_angle_deg,-1.24,0
24.7420,0x002,steering_angle_deg,-1.70,0
24.7620,0x002,steering_angle_deg,-1.46,0
24.7820,0x002,steering_angle_deg,-1.21,0
24.8000,0x050,brake_pressure_bar,4.92,0
24.8000,0x100,speed_kmph,79.11,0
24.8020,0x002,steering_angle_deg,-2.56,0
24.8220,0x002,steering_angle_deg,-0.71,0
24.8420,0x002,steering_angle_deg,-1.44,0
24.8620,0x002,steering_angle_deg,-0.88,0
24.8820,0x002,steering_angle_deg,-0.38,0
24.9000,0x050,brake_pressure_bar,3.68,0
24.9000,0x100,speed_kmph,80.79,0
24.9020,0x002,steering_angle_deg,-1.63,0
24.9220,0x002,steering_angle_deg,-0.68,0
24.9420,0x002,steering_angle_deg,-1.87,0
24.9620,0x002,steering_angle_deg,-1.21,0
24.9820,0x002,steering_angle_deg,-0.79,0
25.0000,0x050,brake_pressure_bar,2.08,0
25.0000,0x100,speed_kmph,79.60,0
25.0020,0x002,steering_angle_deg,0.11,0
25.0220,0x002,steering_angle_deg,0.01,0
25.0420,0x002,steering_angle_deg,-0.65,0
25.0620,0x002,steering_angle_deg,0.63,0
25.0820,0x002,steering_angle_deg,-0.41,0
25.1000,0x050,brake_pressure_bar,3.26,0
25.1000,0x100,speed_kmph,79.12,0
25.1020,0x002,steering_angle_deg,0.78,0
25.1220,0x002,steering_angle_deg,0.32,0
25.1420,0x002,steering_angle_deg,0.86,0
25.1620,0x002,steering_angle_deg,0.53,0
25.1820,0x002,steering_angle_deg,-0.69,0
25.2000,0x050,brake_pressure_bar,3.56,0
25.2000,0x100,speed_kmph,79.64,0
25.2020,0x002,steering_angle_deg,1.12,0
25.2220,0x002,steering_angle_deg,1.43,0
25.2420,0x002,steering_angle_deg,0.78,0
25.2620,0x002,steering_angle_deg,1.61,0
25.2820,0x002,steering_angle_deg,1.45,0
25.3000,0x050,brake_pressure_bar,0.76,0
25.3000,0x100,speed_kmph,80.24,0
25.3020,0x002,steering_angle_deg,0.05,0
25.3220,0x002,steering_angle_deg,1.42,0
25.3420,0x002,steering_angle_deg,1.43,0
25.3620,0x002,steering_angle_deg,1.12,0
25.3820,0x002,steering_angle_deg,2.18,0
25.4000,0x050,brake_pressure_bar,1.11,0
25.4000,0x100,speed_kmph,80.80,0
25.4020,0x002,steering_angle_deg,1.79,0
25.4220,0x002,steering_angle_deg,1.15,0
25.4420,0x002,steering_angle_deg,2.00,0
25.4620,0x002,steering_angle_deg,1.17,0
25.4820,0x002,steering_angle_deg,1.92,0
25.5000,0x050,brake_pressure_bar,3.87,0
25.5000,0x100,speed_kmph,80.53,0
25.5020,0x002,steering_angle_deg,2.52,0
25.5220,0x002,steering_angle_deg,2.59,0
25.5420,0x002,steering_angle_deg,1.96,0
25.5620,0x002,steering_angle_deg,2.70,0
25.5820,0x002,steering_angle_deg,2.38,0
25.6000,0x050,brake_pressure_bar,2.72,0
25.6000,0x100,speed_kmph,79.96,0
25.6020,0x002,steering_angle_deg,2.21,0
25.6220,0x002,steering_angle_deg,2.73,0
25.6420,0x002,steering_angle_deg,2.48,0
25.6620,0x002,steering_angle_deg,2.01,0
25.6820,0x002,steering_angle_deg,1.76,0
25.7000,0x050,brake_pressure_bar,4.38,0
25.7000,0x100,speed_kmph,80.58,0
25.7020,0x002,steering_angle_deg,2.70,0
25.7220,0x002,steering_angle_deg,3.49,0
25.7420,0x002,steering_angle_deg,2.15,0
25.7620,0x002,steering_angle_deg,2.13,0
25.7820,0x002,steering_angle_deg,3.39,0
25.8000,0x050,brake_pressure_bar,3.73,0
25.8000,0x100,speed_kmph,79.93,0
25.8020,0x002,steering_angle_deg,3.92,0
25.8220,0x002,steering_angle_deg,3.23,0
25.8420,0x002,steering_angle_deg,4.25,0
25.8620,0x002,steering_angle_deg,2.93,0
25.8820,0x002,steering_angle_deg,2.71,0
25.9000,0x050,brake_pressure_bar,0.85,0
25.9000,0x100,speed_kmph,79.90,0
25.9020,0x002,steering_angle_deg,3.67,0
25.9220,0x002,steering_angle_deg,2.98,0
25.9420,0x002,steering_angle_deg,3.95,0
25.9620,0x002,steering_angle_deg,3.25,0
25.9820,0x002,steering_angle_deg,4.89,0
26.0000,0x050,brake_pressure_bar,3.47,0
26.0000,0x100,speed_kmph,79.96,0
26.0020,0x002,steering_angle_deg,4.22,0
26.0220,0x002,steering_angle_deg,4.34,0
26.0420,0x002,steering_angle_deg,5.05,0
26.0620,0x002,steering_angle_deg,5.06,0
26.0820,0x002,steering_angle_deg,4.90,0
26.1000,0x050,brake_pressure_bar,4.69,0
26.1000,0x100,speed_kmph,79.98,0
26.1020,0x002,steering_angle_deg,4.49,0
26.1220,0x002,steering_angle_deg,4.02,0
26.1420,0x002,steering_angle_deg,5.79,0
26.1620,0x002,steering_angle_deg,4.56,0
26.1820,0x002,steering_angle_deg,4.28,0
26.2000,0x050,brake_pressure_bar,4.25,0
26.2000,0x100,speed_kmph,80.94,0
26.2020,0x002,steering_angle_deg,4.44,0
26.2220,0x002,steering_angle_deg,4.44,0
26.2420,0x002,steering_angle_deg,5.66,0
26.2620,0x002,steering_angle_deg,4.58,0
26.2820,0x002,steering_angle_deg,5.18,0
26.3000,0x050,brake_pressure_bar,2.37,0
26.3000,0x100,speed_kmph,79.84,0
26.3020,0x002,steering_angle_deg,4.59,0
26.3220,0x002,steering_angle_deg,5.52,0
26.3420,0x002,steering_angle_deg,6.18,0
26.3620,0x002,steering_angle_deg,6.66,0
26.3820,0x002,steering_angle_deg,5.71,0
26.4000,0x050,brake_pressure_bar,2.30,0
26.4000,0x100,speed_kmph,80.60,0
26.4020,0x002,steering_angle_deg,5.05,0
26.4220,0x002,steering_angle_deg,5.67,0
26.4420,0x002,steering_angle_deg,6.13,0
26.4620,0x002,steering_angle_deg,5.49,0
26.4820,0x002,steering_angle_deg,6.73,0
26.5000,0x050,brake_pressure_bar,2.42,0
26.5000,0x100,speed_kmph,79.45,0
26.5020,0x002,steering_angle_deg,6.69,0
26.5220,0x002,steering_angle_deg,6.07,0
26.5420,0x002,steering_angle_deg,6.56,0
26.5620,0x002,steering_angle_deg,7.48,0
26.5820,0x002,steering_angle_deg,6.79,0
26.6000,0x050,brake_pressure_bar,4.08,0
26.6000,0x100,speed_kmph,80.04,0
26.6020,0x002,steering_angle_deg,6.44,0
26.6220,0x002,steering_angle_deg,7.62,0
26.6420,0x002,steering_angle_deg,7.64,0
26.6620,0x002,steering_angle_deg,6.01,0
26.6820,0x002,steering_angle_deg,7.73,0
26.7000,0x050,brake_pressure_bar,1.00,0
26.7000,0x100,speed_kmph,80.78,0
26.7020,0x002,steering_angle_deg,7.85,0
26.7220,0x002,steering_angle_deg,8.12,0
26.7420,0x002,steering_angle_deg,8.20,0
26.7620,0x002,steering_angle_deg,7.25,0
26.7820,0x002,steering_angle_deg,8.02,0
26.8000,0x050,brake_pressure_bar,1.53,0
26.8000,0x100,speed_kmph,79.17,0
26.8020,0x002,steering_angle_deg,8.17,0
26.8220,0x002,steering_angle_deg,6.61,0
26.8420,0x002,steering_angle_deg,8.13,0
26.8620,0x002,steering_angle_deg,7.97,0
26.8820,0x002,steering_angle_deg,7.24,0
26.9000,0x050,brake_pressure_bar,2.87,0
26.9000,0x100,speed_kmph,79.70,0
26.9020,0x002,steering_angle_deg,7.26,0
26.9220,0x002,steering_angle_deg,7.45,0
26.9420,0x002,steering_angle_deg,7.67,0
26.9620,0x002,steering_angle_deg,6.97,0
26.9820,0x002,steering_angle_deg,7.48,0
27.0000,0x050,brake_pressure_bar,3.96,0
27.0000,0x100,speed_kmph,79.56,0
27.0020,0x002,steering_angle_deg,8.08,0
27.0220,0x002,steering_angle_deg,7.79,0
27.0420,0x002,steering_angle_deg,8.46,0
27.0620,0x002,steering_angle_deg,8.58,0
27.0820,0x002,steering_angle_deg,8.02,0
27.1000,0x050,brake_pressure_bar,2.35,0
27.1000,0x100,speed_kmph,80.10,0
27.1020,0x002,steering_angle_deg,7.38,0
27.1220,0x002,steering_angle_deg,7.75,0
27.1420,0x002,steering_angle_deg,8.92,0
27.1620,0x002,steering_angle_deg,9.00,0
27.1820,0x002,steering_angle_deg,8.68,0
27.2000,0x050,brake_pressure_bar,1.93,0
27.2000,0x100,speed_kmph,79.32,0
27.2020,0x002,steering_angle_deg,7.93,0
27.2220,0x002,steering_angle_deg,9.21,0
27.2420,0x002,steering_angle_deg,8.56,0
27.2620,0x002,steering_angle_deg,8.11,0
27.2820,0x002,steering_angle_deg,8.63,0
27.3000,0x050,brake_pressure_bar,1.69,0
27.3000,0x100,speed_kmph,80.06,0
27.3020,0x002,steering_angle_deg,8.66,0
27.3220,0x002,steering_angle_deg,8.68,0
27.3420,0x002,steering_angle_deg,9.27,0
27.3620,0x002,steering_angle_deg,8.11,0
27.3820,0x002,steering_angle_deg,9.33,0
27.4000,0x050,brake_pressure_bar,4.33,0
27.4000,0x100,speed_kmph,79.84,0
27.4020,0x002,steering_angle_deg,8.31,0
27.4220,0x002,steering_angle_deg,9.15,0
27.4420,0x002,steering_angle_deg,8.39,0
27.4620,0x002,steering_angle_deg,8.83,0
27.4820,0x002,steering_angle_deg,9.77,0
27.5000,0x050,brake_pressure_bar,4.67,0
27.5000,0x100,speed_kmph,79.63,0
27.5020,0x002,steering_angle_deg,9.52,0
27.5220,0x002,steering_angle_deg,9.14,0
27.5420,0x002,steering_angle_deg,9.43,0
27.5620,0x002,steering_angle_deg,8.82,0
27.5820,0x002,steering_angle_deg,9.36,0
27.6000,0x050,brake_pressure_bar,2.96,0
27.6000,0x100,speed_kmph,79.47,0
27.6020,0x002,steering_angle_deg,9.05,0
27.6220,0x002,steering_angle_deg,8.99,0
27.6420,0x002,steering_angle_deg,9.75,0
27.6620,0x002,steering_angle_deg,9.26,0
27.6820,0x002,steering_angle_deg,8.96,0
27.7000,0x050,brake_pressure_bar,1.27,0
27.7000,0x100,speed_kmph,79.15,0
27.7020,0x002,steering_angle_deg,9.01,0
27.7220,0x002,steering_angle_deg,9.64,0
27.7420,0x002,steering_angle_deg,9.56,0
27.7620,0x002,steering_angle_deg,10.34,0
27.7820,0x002,steering_angle_deg,10.06,0
27.8000,0x050,brake_pressure_bar,2.99,0
27.8000,0x100,speed_kmph,79.50,0
27.8020,0x002,steering_angle_deg,10.43,0
27.8220,0x002,steering_angle_deg,10.34,0
27.8420,0x002,steering_angle_deg,9.39,0
27.8620,0x002,steering_angle_deg,10.58,0
27.8820,0x002,steering_angle_deg,10.41,0
27.9000,0x050,brake_pressure_bar,4.27,0
27.9000,0x100,speed_kmph,80.38,0
27.9020,0x002,steering_angle_deg,9.49,0
27.9220,0x002,steering_angle_deg,10.56,0
27.9420,0x002,steering_angle_deg,10.13,0
27.9620,0x002,steering_angle_deg,8.89,0
27.9820,0x002,steering_angle_deg,8.90,0
28.0000,0x050,brake_pressure_bar,0.19,0
28.0000,0x100,speed_kmph,79.53,0
28.0020,0x002,steering_angle_deg,9.48,0
28.0220,0x002,steering_angle_deg,9.42,0
28.0420,0x002,steering_angle_deg,10.34,0
28.0620,0x002,steering_angle_deg,9.85,0
28.0820,0x002,steering_angle_deg,10.76,0
28.1000,0x050,brake_pressure_bar,3.92,0
28.1000,0x100,speed_kmph,79.70,0
28.1020,0x002,steering_angle_deg,10.04,0
28.1220,0x002,steering_angle_deg,10.67,0
28.1420,0x002,steering_angle_deg,10.56,0
28.1620,0x002,steering_angle_deg,10.16,0
28.1820,0x002,steering_angle_deg,10.36,0
28.2000,0x050,brake_pressure_bar,0.76,0
28.2000,0x100,speed_kmph,80.32,0
28.2020,0x002,steering_angle_deg,9.54,0
28.2220,0x002,steering_angle_deg,9.33,0
28.2420,0x002,steering_angle_deg,9.35,0
28.2620,0x002,steering_angle_deg,9.35,0
28.2820,0x002,steering_angle_deg,9.73,0
28.3000,0x050,brake_pressure_bar,3.08,0
28.3000,0x100,speed_kmph,79.55,0
28.3020,0x002,steering_angle_deg,10.13,0
28.3220,0x002,steering_angle_deg,9.13,0
28.3420,0x002,steering_angle_deg,9.80,0
28.3620,0x002,steering_angle_deg,10.27,0
28.3820,0x002,steering_angle_deg,9.28,0
28.4000,0x050,brake_pressure_bar,0.89,0
28.4000,0x100,speed_kmph,80.07,0
28.4020,0x002,steering_angle_deg,9.02,0
28.4220,0x002,steering_angle_deg,9.34,0
28.4420,0x002,steering_angle_deg,10.67,0
28.4620,0x002,steering_angle_deg,10.20,0
28.4820,0x002,steering_angle_deg,10.40,0
28.5000,0x050,brake_pressure_bar,0.78,0
28.5000,0x100,speed_kmph,79.43,0
28.5020,0x002,steering_angle_deg,10.59,0
28.5220,0x002,steering_angle_deg,10.28,0
28.5420,0x002,steering_angle_deg,10.77,0
28.5620,0x002,steering_angle_deg,9.30,0
28.5820,0x002,steering_angle_deg,9.99,0
28.6000,0x050,brake_pressure_bar,4.64,0
28.6000,0x100,speed_kmph,80.88,0
28.6020,0x002,steering_angle_deg,8.89,0
28.6220,0x002,steering_angle_deg,9.07,0
28.6420,0x002,steering_angle_deg,9.14,0
28.6620,0x002,steering_angle_deg,9.68,0
28.6820,0x002,steering_angle_deg,8.79,0
28.7000,0x050,brake_pressure_bar,4.57,0
28.7000,0x100,speed_kmph,79.33,0
28.7020,0x002,steering_angle_deg,10.27,0
28.7220,0x002,steering_angle_deg,9.67,0
28.7420,0x002,steering_angle_deg,9.63,0
28.7620,0x002,steering_angle_deg,9.57,0
28.7820,0x002,steering_angle_deg,9.32,0
28.8000,0x050,brake_pressure_bar,2.27,0
28.8000,0x100,speed_kmph,79.28,0
28.8020,0x002,steering_angle_deg,9.87,0
28.8220,0x002,steering_angle_deg,9.92,0
28.8420,0x002,steering_angle_deg,8.71,0
28.8620,0x002,steering_angle_deg,9.88,0
28.8820,0x002,steering_angle_deg,8.85,0
28.9000,0x050,brake_pressure_bar,2.01,0
28.9000,0x100,speed_kmph,79.76,0
28.9020,0x002,steering_angle_deg,9.15,0
28.9220,0x002,steering_angle_deg,10.20,0
28.9420,0x002,steering_angle_deg,9.72,0
28.9620,0x002,steering_angle_deg,9.17,0
28.9820,0x002,steering_angle_deg,8.80,0
29.0000,0x050,brake_pressure_bar,3.69,0
29.0000,0x100,speed_kmph,80.00,0
29.0020,0x002,steering_angle_deg,9.78,0
29.0220,0x002,steering_angle_deg,9.14,0
29.0420,0x002,steering_angle_deg,9.28,0
29.0620,0x002,steering_angle_deg,9.60,0
29.0820,0x002,steering_angle_deg,8.36,0
29.1000,0x050,brake_pressure_bar,4.63,0
29.1000,0x100,speed_kmph,79.30,0
29.1020,0x002,steering_angle_deg,9.34,0
29.1220,0x002,steering_angle_deg,9.42,0
29.1420,0x002,steering_angle_deg,8.21,0
29.1620,0x002,steering_angle_deg,9.06,0
29.1820,0x002,steering_angle_deg,8.88,0
29.2000,0x050,brake_pressure_bar,0.04,0
29.2000,0x100,speed_kmph,80.18,0
29.2020,0x002,steering_angle_deg,8.90,0
29.2220,0x002,steering_angle_deg,9.06,0
29.2420,0x002,steering_angle_deg,8.05,0
29.2620,0x002,steering_angle_deg,8.76,0
29.2820,0x002,steering_angle_deg,8.57,0
29.3000,0x050,brake_pressure_bar,0.57,0
29.3000,0x100,speed_kmph,80.11,0
29.3020,0x002,steering_angle_deg,9.40,0
29.3220,0x002,steering_angle_deg,7.83,0
29.3420,0x002,steering_angle_deg,9.31,0
29.3620,0x002,steering_angle_deg,8.27,0
29.3820,0x002,steering_angle_deg,9.13,0
29.4000,0x050,brake_pressure_bar,0.89,0
29.4000,0x100,speed_kmph,79.40,0
29.4020,0x002,steering_angle_deg,8.79,0
29.4220,0x002,steering_angle_deg,8.15,0
29.4420,0x002,steering_angle_deg,8.57,0
29.4620,0x002,steering_angle_deg,8.89,0
29.4820,0x002,steering_angle_deg,8.59,0
29.5000,0x050,brake_pressure_bar,1.95,0
29.5000,0x100,speed_kmph,80.78,0
29.5020,0x002,steering_angle_deg,7.24,0
29.5220,0x002,steering_angle_deg,8.58,0
29.5420,0x002,steering_angle_deg,7.85,0
29.5620,0x002,steering_angle_deg,7.63,0
29.5820,0x002,steering_angle_deg,7.77,0
29.6000,0x050,brake_pressure_bar,4.53,0
29.6000,0x100,speed_kmph,80.36,0
29.6020,0x002,steering_angle_deg,8.74,0
29.6220,0x002,steering_angle_deg,7.67,0
29.6420,0x002,steering_angle_deg,7.79,0
29.6620,0x002,steering_angle_deg,7.61,0
29.6820,0x002,steering_angle_deg,6.92,0
29.7000,0x050,brake_pressure_bar,0.44,0
29.7000,0x100,speed_kmph,79.08,0
29.7020,0x002,steering_angle_deg,8.18,0
29.7220,0x002,steering_angle_deg,7.06,0
29.7420,0x002,steering_angle_deg,8.03,0
29.7620,0x002,steering_angle_deg,7.14,0
29.7820,0x002,steering_angle_deg,8.02,0
29.8000,0x050,brake_pressure_bar,1.50,0
29.8000,0x100,speed_kmph,80.79,0
29.8020,0x002,steering_angle_deg,7.10,0
29.8220,0x002,steering_angle_deg,7.81,0
29.8420,0x002,steering_angle_deg,7.67,0
29.8620,0x002,steering_angle_deg,7.72,0
29.8820,0x002,steering_angle_deg,7.88,0
29.9000,0x050,brake_pressure_bar,1.45,0
29.9000,0x100,speed_kmph,80.92,0
29.9020,0x002,steering_angle_deg,6.41,0
29.9220,0x002,steering_angle_deg,6.58,0
29.9420,0x002,steering_angle_deg,7.12,0
29.9620,0x002,steering_angle_deg,7.21,0
29.9820,0x002,steering_angle_deg,5.66,0
